case_id,denomination,security_thread,watermark,serial_valid,brightness,blur,risk_label
CC-00000,2000,True,True,False,0.49,0.29,1
CC-00001,100,False,True,True,0.451,0.634,0
CC-00002,500,True,True,True,0.38,0.511,0
CC-00003,500,True,False,True,0.785,0.035,0
CC-00004,2000,True,False,False,0.674,0.777,1
CC-00005,2000,True,True,True,0.722,0.811,0
CC-00006,2000,True,True,True,0.417,0.456,0
CC-00007,500,True,True,True,0.439,0.009,0
CC-00008,500,True,True,False,0.356,0.34,0
CC-00009,100,True,True,True,0.537,0.143,0
CC-00010,100,True,True,True,0.436,0.007,1
CC-00011,200,True,True,False,0.542,0.978,0
CC-00012,500,True,True,True,0.45,0.403,0
CC-00013,2000,False,True,True,0.629,0.074,0
CC-00014,500,True,False,True,0.685,0.279,0
CC-00015,500,False,True,True,0.337,0.272,0
CC-00016,200,True,True,False,0.763,0.366,1
CC-00017,500,True,False,False,0.757,0.406,0
CC-00018,2000,True,True,True,0.643,0.449,1
CC-00019,200,True,False,True,0.568,0.212,1
CC-00020,200,True,False,False,0.567,0.051,0
CC-00021,2000,False,True,True,0.639,0.689,1
CC-00022,500,True,True,True,0.317,0.206,1
CC-00023,200,False,True,True,0.763,0.158,0
CC-00024,500,True,True,True,0.437,0.149,1
CC-00025,2000,True,False,True,0.54,0.284,0
CC-00026,2000,True,True,True,0.739,0.496,0
CC-00027,2000,False,True,True,0.426,0.225,0
CC-00028,200,True,True,True,0.453,0.997,0
CC-00029,2000,False,False,True,0.31,0.773,1
CC-00030,500,True,True,True,0.522,0.947,0
CC-00031,100,True,True,True,0.47,0.667,0
CC-00032,200,False,True,False,0.646,0.31,1
CC-00033,2000,False,True,True,0.479,0.963,1
CC-00034,100,True,True,True,0.627,0.112,0
CC-00035,2000,False,True,True,0.315,0.01,1
CC-00036,100,False,True,True,0.615,0.578,0
CC-00037,100,True,True,True,0.636,0.926,0
CC-00038,2000,False,True,True,0.404,0.255,1
CC-00039,200,True,True,True,0.609,0.382,0
CC-00040,500,False,False,True,0.5,0.014,1
CC-00041,200,True,True,True,0.724,0.878,0
CC-00042,2000,True,True,True,0.38,0.042,0
CC-00043,100,True,True,True,0.444,0.599,0
CC-00044,2000,False,False,False,0.455,0.528,0
CC-00045,200,True,True,False,0.343,0.979,0
CC-00046,200,True,False,True,0.401,0.983,1
CC-00047,500,False,True,True,0.762,0.55,0
CC-00048,100,True,False,False,0.342,0.903,1
CC-00049,100,True,True,True,0.747,0.499,0
CC-00050,200,False,False,True,0.623,0.418,0
CC-00051,100,False,True,True,0.429,0.186,0
CC-00052,2000,True,True,False,0.315,0.816,1
CC-00053,2000,True,True,True,0.308,0.931,1
CC-00054,2000,True,True,True,0.396,0.706,0
CC-00055,100,False,True,True,0.561,0.049,0
CC-00056,2000,True,True,True,0.35,0.877,1
CC-00057,2000,True,True,True,0.361,0.919,1
CC-00058,100,False,False,False,0.365,0.63,0
CC-00059,100,True,False,True,0.797,0.553,0
CC-00060,100,False,False,True,0.712,0.933,0
CC-00061,200,True,False,True,0.75,0.646,0
CC-00062,100,True,True,True,0.508,0.683,0
CC-00063,500,False,True,True,0.385,0.144,0
CC-00064,100,False,True,True,0.313,0.821,1
CC-00065,2000,True,True,True,0.674,0.812,0
CC-00066,200,True,False,True,0.343,0.158,0
CC-00067,100,False,True,True,0.733,0.603,0
CC-00068,500,True,False,True,0.508,0.942,1
CC-00069,500,True,True,False,0.415,0.947,0
CC-00070,2000,True,True,True,0.726,0.621,0
CC-00071,200,False,True,True,0.675,0.79,1
CC-00072,200,True,True,False,0.427,0.186,1
CC-00073,2000,True,True,False,0.713,0.035,1
CC-00074,500,True,False,True,0.786,0.426,0
CC-00075,2000,True,True,True,0.505,0.961,1
CC-00076,2000,True,True,True,0.511,0.435,1
CC-00077,2000,True,True,False,0.737,0.491,1
CC-00078,200,True,False,True,0.526,0.637,1
CC-00079,2000,True,True,True,0.756,0.511,0
CC-00080,2000,True,True,True,0.554,0.08,1
CC-00081,200,True,True,False,0.709,0.992,0
CC-00082,100,False,True,False,0.65,0.281,0
CC-00083,2000,True,True,False,0.414,0.361,0
CC-00084,2000,True,True,False,0.53,0.845,0
CC-00085,2000,True,True,True,0.577,0.522,0
CC-00086,2000,False,True,False,0.619,0.746,0
CC-00087,200,True,True,False,0.641,0.997,1
CC-00088,200,True,True,True,0.38,0.888,0
CC-00089,100,False,True,False,0.467,0.959,0
CC-00090,100,False,True,True,0.338,0.621,0
CC-00091,200,True,True,True,0.301,0.641,0
CC-00092,100,False,True,True,0.537,0.364,1
CC-00093,500,True,True,False,0.473,0.658,1
CC-00094,500,False,True,True,0.429,0.013,1
CC-00095,2000,True,True,False,0.69,0.613,0
CC-00096,200,True,False,True,0.647,0.079,1
CC-00097,500,True,True,False,0.498,0.278,1
CC-00098,100,True,False,True,0.737,0.084,0
CC-00099,500,True,False,True,0.501,0.77,0
CC-00100,2000,True,True,True,0.619,0.789,0
CC-00101,200,True,True,True,0.597,0.01,0
CC-00102,2000,False,True,True,0.587,0.302,1
CC-00103,200,True,True,True,0.69,0.243,1
CC-00104,200,False,True,True,0.676,0.719,0
CC-00105,2000,True,True,True,0.795,0.107,0
CC-00106,2000,True,True,False,0.754,0.346,0
CC-00107,500,False,True,True,0.59,0.498,0
CC-00108,2000,True,True,False,0.662,0.966,0
CC-00109,100,True,True,True,0.323,0.72,0
CC-00110,100,False,True,True,0.606,0.317,1
CC-00111,100,True,True,True,0.515,0.674,0
CC-00112,100,False,True,False,0.44,0.578,1
CC-00113,2000,True,False,False,0.386,0.317,0
CC-00114,2000,True,False,True,0.786,0.085,0
CC-00115,2000,True,False,True,0.361,0.828,0
CC-00116,200,True,True,True,0.734,0.865,1
CC-00117,200,True,True,False,0.447,0.879,0
CC-00118,100,True,True,True,0.789,0.92,0
CC-00119,200,False,True,True,0.453,0.361,0
CC-00120,500,True,True,True,0.356,0.082,1
CC-00121,200,True,True,False,0.548,0.606,0
CC-00122,500,False,True,True,0.787,0.244,0
CC-00123,500,True,False,False,0.342,0.565,1
CC-00124,200,False,True,True,0.457,0.83,0
CC-00125,100,False,False,True,0.344,0.301,1
CC-00126,500,False,True,False,0.479,0.918,0
CC-00127,200,True,True,True,0.519,0.321,0
CC-00128,2000,False,True,True,0.431,0.718,0
CC-00129,2000,False,True,True,0.599,0.355,1
CC-00130,100,True,True,True,0.684,0.978,0
CC-00131,100,False,True,True,0.531,0.718,0
CC-00132,2000,True,True,True,0.564,0.899,0
CC-00133,100,True,True,False,0.697,0.428,0
CC-00134,100,False,True,True,0.728,0.927,0
CC-00135,200,True,True,True,0.773,0.232,0
CC-00136,200,True,True,True,0.482,0.959,0
CC-00137,200,True,True,False,0.519,0.963,1
CC-00138,2000,False,True,True,0.701,0.26,1
CC-00139,2000,False,True,True,0.344,0.83,0
CC-00140,500,False,True,True,0.67,0.975,1
CC-00141,100,True,True,True,0.477,0.147,1
CC-00142,500,False,True,True,0.762,0.894,0
CC-00143,2000,False,False,True,0.767,0.431,0
CC-00144,200,True,True,True,0.55,0.491,0
CC-00145,500,True,True,True,0.45,0.325,0
CC-00146,200,True,True,True,0.393,0.796,1
CC-00147,500,True,True,True,0.447,0.764,1
CC-00148,100,True,True,True,0.369,0.937,0
CC-00149,2000,True,True,True,0.679,0.761,1
CC-00150,2000,True,False,True,0.302,0.356,1
CC-00151,500,False,True,True,0.556,0.602,0
CC-00152,2000,True,True,True,0.478,0.565,0
CC-00153,2000,True,True,True,0.462,0.484,0
CC-00154,200,True,True,True,0.379,0.251,1
CC-00155,200,True,False,True,0.606,0.21,0
CC-00156,200,True,True,False,0.685,0.222,1
CC-00157,2000,True,True,True,0.721,0.619,0
CC-00158,2000,True,True,True,0.703,0.011,1
CC-00159,500,True,True,True,0.324,0.217,0
CC-00160,100,True,True,False,0.54,0.079,1
CC-00161,200,False,False,False,0.423,0.303,1
CC-00162,2000,True,True,False,0.697,0.218,0
CC-00163,500,False,True,True,0.489,0.788,0
CC-00164,200,True,True,True,0.421,0.71,0
CC-00165,2000,True,True,True,0.774,0.246,0
CC-00166,2000,True,True,True,0.538,0.745,0
CC-00167,100,True,True,True,0.719,0.822,0
CC-00168,200,True,True,True,0.496,0.781,0
CC-00169,500,True,True,False,0.445,0.974,0
CC-00170,2000,True,True,True,0.769,0.957,1
CC-00171,100,False,False,True,0.532,0.235,0
CC-00172,200,False,True,True,0.659,0.57,1
CC-00173,500,True,True,True,0.404,0.192,0
CC-00174,2000,True,True,True,0.537,0.848,1
CC-00175,2000,True,False,False,0.461,0.524,0
CC-00176,500,True,True,True,0.728,0.048,1
CC-00177,100,True,True,True,0.33,0.345,0
CC-00178,2000,False,True,True,0.346,0.569,1
CC-00179,200,True,True,True,0.403,0.041,0
CC-00180,500,True,True,True,0.411,0.895,0
CC-00181,2000,True,True,True,0.369,0.628,1
CC-00182,200,False,False,True,0.503,0.808,1
CC-00183,2000,True,False,True,0.658,0.698,0
CC-00184,100,True,True,True,0.354,0.768,1
CC-00185,500,True,False,True,0.716,0.66,0
CC-00186,100,True,True,False,0.731,0.554,1
CC-00187,200,True,True,False,0.598,0.184,0
CC-00188,100,False,True,True,0.738,0.817,0
CC-00189,100,True,True,True,0.642,0.928,1
CC-00190,500,False,True,True,0.35,0.685,1
CC-00191,500,True,True,True,0.679,0.158,0
CC-00192,2000,False,True,True,0.741,0.048,0
CC-00193,200,True,True,True,0.557,0.201,0
CC-00194,100,False,False,True,0.355,0.807,0
CC-00195,2000,True,True,True,0.471,0.877,0
CC-00196,2000,True,False,True,0.779,0.574,0
CC-00197,100,True,True,True,0.529,0.016,0
CC-00198,500,False,True,False,0.418,0.069,0
CC-00199,200,True,True,True,0.537,0.696,1
CC-00200,200,False,True,True,0.77,0.587,0
CC-00201,200,True,True,True,0.617,0.155,0
CC-00202,2000,True,False,True,0.649,0.577,0
CC-00203,2000,False,True,True,0.43,0.973,1
CC-00204,200,False,True,True,0.538,0.422,1
CC-00205,100,False,True,True,0.555,0.752,0
CC-00206,500,True,True,True,0.666,0.464,0
CC-00207,100,True,True,False,0.485,0.578,1
CC-00208,100,True,False,True,0.527,0.909,1
CC-00209,500,True,False,True,0.463,0.117,1
CC-00210,100,True,True,True,0.474,0.795,0
CC-00211,200,False,True,True,0.325,0.176,0
CC-00212,100,True,True,True,0.79,0.193,0
CC-00213,200,True,False,True,0.539,0.271,0
CC-00214,100,False,True,False,0.309,0.64,0
CC-00215,500,False,True,True,0.354,0.088,0
CC-00216,2000,True,True,True,0.772,0.417,1
CC-00217,100,True,True,True,0.627,0.679,1
CC-00218,200,False,True,True,0.57,0.984,0
CC-00219,500,True,True,True,0.648,0.0,0
CC-00220,500,False,True,True,0.629,0.589,0
CC-00221,500,True,True,True,0.625,0.603,0
CC-00222,500,True,True,True,0.444,0.146,0
CC-00223,500,True,False,True,0.589,0.34,0
CC-00224,500,True,True,True,0.475,0.856,1
CC-00225,200,True,True,True,0.367,0.724,0
CC-00226,100,True,True,True,0.552,0.91,1
CC-00227,500,True,True,True,0.538,0.564,1
CC-00228,200,True,True,True,0.309,0.97,0
CC-00229,2000,True,True,True,0.425,0.14,0
CC-00230,500,True,False,True,0.684,0.784,0
CC-00231,2000,False,True,True,0.748,0.118,0
CC-00232,2000,True,True,True,0.747,0.282,0
CC-00233,500,True,True,False,0.354,0.48,0
CC-00234,500,True,False,True,0.71,0.916,1
CC-00235,200,True,False,True,0.431,0.455,0
CC-00236,100,False,True,True,0.31,0.107,0
CC-00237,2000,True,True,True,0.754,0.818,0
CC-00238,2000,True,True,False,0.559,0.507,0
CC-00239,2000,True,True,True,0.709,0.629,1
CC-00240,200,False,True,True,0.71,0.965,1
CC-00241,200,True,False,True,0.516,0.372,0
CC-00242,2000,True,True,True,0.382,0.899,0
CC-00243,500,True,True,True,0.795,0.027,0
CC-00244,200,True,True,True,0.492,0.213,0
CC-00245,200,True,True,True,0.765,0.486,0
CC-00246,200,False,True,False,0.769,0.922,0
CC-00247,500,True,True,True,0.459,0.708,0
CC-00248,100,True,True,True,0.303,0.938,0
CC-00249,200,True,True,True,0.655,0.386,0
CC-00250,100,False,True,True,0.759,0.356,0
CC-00251,200,True,True,True,0.371,0.664,0
CC-00252,100,True,True,True,0.44,0.674,1
CC-00253,500,True,True,True,0.4,0.501,1
CC-00254,2000,True,True,True,0.63,0.228,0
CC-00255,500,True,False,True,0.756,0.091,0
CC-00256,100,True,True,True,0.55,0.569,1
CC-00257,200,False,False,True,0.737,0.667,0
CC-00258,500,True,True,True,0.729,0.733,0
CC-00259,500,True,True,True,0.727,0.662,1
CC-00260,200,True,True,True,0.575,0.556,1
CC-00261,200,False,True,False,0.778,0.65,1
CC-00262,200,True,True,True,0.443,0.002,0
CC-00263,2000,False,True,True,0.796,0.523,1
CC-00264,200,True,False,True,0.644,0.616,0
CC-00265,500,True,False,True,0.576,0.628,1
CC-00266,100,True,True,True,0.751,0.588,0
CC-00267,2000,True,True,True,0.617,0.441,0
CC-00268,200,True,True,True,0.332,0.907,0
CC-00269,200,True,True,True,0.528,0.819,0
CC-00270,2000,True,True,True,0.381,0.623,1
CC-00271,500,False,False,True,0.374,0.195,0
CC-00272,200,False,True,True,0.483,0.06,0
CC-00273,200,True,True,False,0.624,0.279,0
CC-00274,500,True,False,False,0.338,0.308,0
CC-00275,2000,True,False,True,0.41,0.002,0
CC-00276,2000,False,True,True,0.494,0.708,1
CC-00277,2000,True,True,False,0.661,0.224,0
CC-00278,200,True,False,True,0.661,0.965,1
CC-00279,200,False,True,True,0.461,0.012,1
CC-00280,500,True,True,False,0.501,0.096,1
CC-00281,500,True,True,True,0.615,0.259,1
CC-00282,200,True,True,True,0.385,0.817,0
CC-00283,200,False,False,True,0.413,0.29,1
CC-00284,100,True,False,True,0.54,0.05,1
CC-00285,500,True,True,True,0.575,0.061,0
CC-00286,2000,True,True,True,0.353,0.661,0
CC-00287,2000,False,True,True,0.696,0.048,1
CC-00288,500,True,True,True,0.74,0.506,0
CC-00289,100,True,True,True,0.434,0.599,0
CC-00290,100,False,True,False,0.799,0.69,1
CC-00291,500,False,True,True,0.406,0.96,0
CC-00292,200,True,True,True,0.512,0.302,0
CC-00293,100,True,True,True,0.391,0.395,1
CC-00294,2000,True,True,True,0.461,0.162,0
CC-00295,500,True,True,True,0.678,0.343,0
CC-00296,100,True,True,False,0.394,0.421,1
CC-00297,200,True,True,False,0.401,0.208,0
CC-00298,200,True,True,True,0.415,0.187,1
CC-00299,100,False,True,True,0.558,0.475,0
CC-00300,2000,True,False,True,0.579,0.892,0
CC-00301,500,False,True,False,0.603,0.764,0
CC-00302,500,True,True,True,0.637,0.703,1
CC-00303,100,False,True,True,0.668,0.37,1
CC-00304,100,True,True,True,0.713,0.732,0
CC-00305,200,True,True,True,0.493,0.936,1
CC-00306,2000,True,True,True,0.501,0.682,1
CC-00307,500,True,False,False,0.424,0.265,1
CC-00308,500,True,False,True,0.378,0.857,0
CC-00309,2000,False,True,True,0.415,0.898,1
CC-00310,500,True,True,False,0.445,0.849,0
CC-00311,500,True,True,True,0.401,0.009,0
CC-00312,100,True,True,True,0.792,0.569,0
CC-00313,500,True,True,False,0.623,0.775,0
CC-00314,2000,True,True,True,0.468,0.501,0
CC-00315,200,False,False,True,0.399,0.881,0
CC-00316,200,True,True,True,0.366,0.189,0
CC-00317,500,True,True,True,0.445,0.186,1
CC-00318,2000,True,False,False,0.723,0.758,0
CC-00319,200,False,False,True,0.339,0.31,1
CC-00320,2000,True,True,True,0.301,0.913,0
CC-00321,2000,True,True,True,0.55,0.161,0
CC-00322,100,True,True,False,0.457,0.697,0
CC-00323,200,False,True,False,0.636,0.617,1
CC-00324,500,True,True,True,0.755,0.624,0
CC-00325,2000,True,False,True,0.666,0.911,0
CC-00326,200,True,True,False,0.391,0.557,0
CC-00327,100,True,True,True,0.688,0.227,0
CC-00328,500,True,True,True,0.555,0.09,0
CC-00329,2000,True,False,False,0.613,0.517,0
CC-00330,2000,True,False,False,0.455,0.322,0
CC-00331,200,True,True,True,0.326,0.225,0
CC-00332,200,True,True,True,0.303,0.468,1
CC-00333,200,True,True,True,0.568,0.391,1
CC-00334,100,True,True,True,0.347,0.079,1
CC-00335,500,False,False,True,0.619,0.2,0
CC-00336,100,True,False,True,0.704,0.958,0
CC-00337,2000,True,True,True,0.767,0.718,0
CC-00338,500,True,False,True,0.338,0.36,0
CC-00339,500,True,False,True,0.702,0.061,0
CC-00340,200,False,True,False,0.571,0.883,0
CC-00341,2000,False,True,True,0.701,0.55,1
CC-00342,500,True,True,True,0.411,0.575,0
CC-00343,200,False,True,False,0.317,0.402,1
CC-00344,100,True,False,False,0.586,0.372,0
CC-00345,100,True,False,True,0.778,0.066,1
CC-00346,500,True,False,False,0.56,0.685,0
CC-00347,200,True,True,False,0.427,0.798,1
CC-00348,500,True,False,True,0.445,0.181,0
CC-00349,200,True,True,True,0.536,0.725,1
CC-00350,500,True,True,True,0.441,0.722,0
CC-00351,100,True,True,True,0.6,0.712,0
CC-00352,2000,True,True,True,0.355,0.191,1
CC-00353,500,False,True,False,0.521,0.721,1
CC-00354,100,True,True,True,0.55,0.171,0
CC-00355,100,False,True,True,0.546,0.983,0
CC-00356,100,True,True,False,0.371,0.647,1
CC-00357,2000,False,False,True,0.537,0.923,1
CC-00358,100,True,True,True,0.515,0.878,1
CC-00359,2000,True,True,False,0.358,0.127,0
CC-00360,2000,True,True,True,0.424,0.082,1
CC-00361,200,True,True,True,0.694,0.589,1
CC-00362,2000,True,True,True,0.72,0.686,1
CC-00363,200,True,True,True,0.778,0.523,0
CC-00364,100,False,True,True,0.661,0.979,0
CC-00365,100,True,False,True,0.485,0.541,0
CC-00366,500,True,True,False,0.467,0.745,0
CC-00367,200,True,True,True,0.342,0.773,0
CC-00368,2000,False,True,True,0.549,0.823,1
CC-00369,2000,True,False,False,0.494,0.237,1
CC-00370,100,True,False,True,0.372,0.778,0
CC-00371,500,True,True,True,0.392,0.11,1
CC-00372,500,True,False,True,0.736,0.247,0
CC-00373,100,False,False,True,0.386,0.838,0
CC-00374,500,True,True,True,0.663,0.847,0
CC-00375,100,True,True,False,0.39,0.586,1
CC-00376,100,True,True,True,0.413,0.297,0
CC-00377,500,True,True,True,0.306,0.311,0
CC-00378,500,False,False,True,0.35,0.069,0
CC-00379,500,True,True,True,0.499,0.871,0
CC-00380,200,True,True,True,0.369,0.877,1
CC-00381,100,True,False,True,0.55,0.045,1
CC-00382,500,True,False,False,0.718,0.733,0
CC-00383,100,False,True,True,0.447,0.728,1
CC-00384,200,False,True,True,0.559,0.806,0
CC-00385,100,True,True,False,0.778,0.668,0
CC-00386,500,True,False,False,0.33,0.381,0
CC-00387,100,True,True,False,0.725,0.782,1
CC-00388,100,True,False,True,0.376,0.033,0
CC-00389,200,True,True,True,0.671,0.26,1
CC-00390,2000,True,True,True,0.434,0.567,1
CC-00391,500,True,True,False,0.363,0.713,0
CC-00392,200,False,True,True,0.649,0.825,0
CC-00393,2000,True,True,True,0.431,0.011,0
CC-00394,500,False,False,False,0.579,0.795,0
CC-00395,500,True,False,False,0.771,0.94,0
CC-00396,100,True,True,True,0.711,0.355,0
CC-00397,200,True,True,True,0.66,0.835,1
CC-00398,100,True,True,True,0.649,0.789,1
CC-00399,200,True,True,True,0.638,0.954,0
CC-00400,100,True,True,True,0.484,0.77,1
CC-00401,500,False,False,True,0.594,0.352,1
CC-00402,100,True,True,True,0.667,0.847,0
CC-00403,500,False,True,False,0.79,0.517,1
CC-00404,2000,False,True,True,0.439,0.71,1
CC-00405,100,True,False,True,0.324,0.107,0
CC-00406,100,False,True,True,0.541,0.161,0
CC-00407,100,True,True,True,0.696,0.842,1
CC-00408,500,True,True,False,0.677,0.681,0
CC-00409,500,False,True,True,0.788,0.766,0
CC-00410,100,True,True,True,0.464,0.926,0
CC-00411,100,True,False,True,0.78,0.032,1
CC-00412,500,False,False,True,0.771,0.184,1
CC-00413,100,False,True,True,0.688,0.709,1
CC-00414,2000,True,True,True,0.719,0.477,0
CC-00415,500,True,True,True,0.541,0.487,1
CC-00416,200,True,False,True,0.733,0.481,1
CC-00417,200,True,True,True,0.34,0.549,1
CC-00418,2000,True,True,True,0.779,0.226,0
CC-00419,500,True,True,True,0.439,0.373,0
CC-00420,100,False,True,True,0.74,0.558,1
CC-00421,2000,True,False,True,0.361,0.93,0
CC-00422,2000,False,True,True,0.453,0.696,0
CC-00423,100,False,True,True,0.325,0.313,0
CC-00424,200,False,True,False,0.794,0.725,0
CC-00425,2000,True,False,True,0.765,0.791,0
CC-00426,200,False,False,False,0.633,0.808,0
CC-00427,500,True,True,True,0.408,0.125,1
CC-00428,200,True,True,True,0.481,0.993,0
CC-00429,500,True,True,False,0.509,0.442,0
CC-00430,500,True,False,False,0.532,0.44,0
CC-00431,100,True,True,True,0.434,0.656,0
CC-00432,200,True,False,False,0.558,0.787,1
CC-00433,200,False,True,True,0.625,0.242,1
CC-00434,200,True,True,True,0.346,0.697,0
CC-00435,500,True,True,True,0.708,0.103,1
CC-00436,100,True,True,False,0.74,0.524,1
CC-00437,100,True,True,True,0.328,0.314,0
CC-00438,2000,True,True,True,0.634,0.085,0
CC-00439,500,True,False,True,0.698,0.185,0
CC-00440,500,True,True,True,0.583,0.457,1
CC-00441,200,True,True,True,0.335,0.433,0
CC-00442,500,True,True,True,0.468,0.353,0
CC-00443,500,True,False,True,0.341,0.02,1
CC-00444,500,True,True,True,0.747,0.715,0
CC-00445,200,True,False,True,0.448,0.924,1
CC-00446,2000,True,True,True,0.643,0.662,0
CC-00447,2000,False,True,True,0.321,0.936,0
CC-00448,500,True,True,True,0.383,0.927,0
CC-00449,2000,False,True,True,0.308,0.4,0
CC-00450,200,True,False,True,0.522,0.2,1
CC-00451,2000,True,False,True,0.303,0.598,0
CC-00452,200,True,True,False,0.456,0.967,0
CC-00453,200,True,True,True,0.729,0.629,1
CC-00454,500,False,False,True,0.553,0.712,0
CC-00455,500,True,True,True,0.752,0.43,1
CC-00456,500,True,False,False,0.409,0.673,0
CC-00457,2000,False,True,True,0.726,0.317,0
CC-00458,100,False,True,True,0.579,0.891,1
CC-00459,100,False,True,True,0.459,0.551,0
CC-00460,200,False,True,False,0.599,0.559,0
CC-00461,2000,True,False,True,0.679,0.869,0
CC-00462,500,True,False,True,0.529,0.022,0
CC-00463,100,True,True,True,0.65,0.775,0
CC-00464,200,True,False,True,0.758,0.796,1
CC-00465,2000,True,True,False,0.556,0.188,0
CC-00466,100,True,True,True,0.714,0.288,0
CC-00467,100,True,True,False,0.552,0.541,1
CC-00468,100,True,False,True,0.604,0.799,1
CC-00469,100,True,True,True,0.56,0.817,0
CC-00470,200,True,True,True,0.343,0.14,1
CC-00471,500,True,False,True,0.454,0.795,0
CC-00472,500,True,True,False,0.564,0.116,0
CC-00473,100,False,True,False,0.661,0.815,0
CC-00474,2000,False,True,True,0.702,0.911,0
CC-00475,100,False,True,False,0.37,0.594,1
CC-00476,100,True,True,True,0.65,0.705,0
CC-00477,100,True,True,True,0.527,0.86,1
CC-00478,500,True,False,True,0.683,0.326,0
CC-00479,100,True,True,False,0.422,0.279,0
CC-00480,500,True,True,False,0.493,0.207,0
CC-00481,2000,True,True,True,0.426,0.108,0
CC-00482,100,True,True,True,0.426,0.195,0
CC-00483,200,True,False,False,0.785,0.161,0
CC-00484,100,False,False,True,0.478,0.809,0
CC-00485,200,True,True,True,0.522,0.483,1
CC-00486,2000,False,False,True,0.332,0.131,0
CC-00487,2000,True,True,True,0.3,0.375,1
CC-00488,200,True,True,True,0.315,0.762,0
CC-00489,2000,True,True,True,0.391,0.509,0
CC-00490,100,True,True,True,0.605,0.763,0
CC-00491,100,False,True,True,0.384,0.642,0
CC-00492,500,True,True,True,0.376,0.512,0
CC-00493,2000,False,True,False,0.728,0.444,0
CC-00494,500,True,True,True,0.427,0.727,1
CC-00495,2000,False,True,True,0.777,0.554,1
CC-00496,500,False,True,True,0.393,0.917,1
CC-00497,200,True,True,True,0.629,0.774,0
CC-00498,2000,True,True,True,0.614,0.397,1
CC-00499,500,True,False,True,0.686,0.769,1
CC-00500,100,True,True,False,0.579,0.796,0
CC-00501,2000,True,True,True,0.723,0.669,1
CC-00502,2000,True,True,True,0.717,0.157,1
CC-00503,2000,True,False,True,0.549,0.15,0
CC-00504,200,True,True,True,0.562,0.616,1
CC-00505,2000,True,True,False,0.441,0.078,1
CC-00506,2000,False,False,True,0.712,0.414,1
CC-00507,200,True,True,False,0.658,0.893,0
CC-00508,500,True,True,False,0.562,0.507,0
CC-00509,500,True,True,False,0.73,0.968,1
CC-00510,100,True,True,True,0.416,0.801,0
CC-00511,100,True,True,True,0.668,0.44,0
CC-00512,2000,True,True,False,0.369,0.074,0
CC-00513,200,False,True,False,0.389,0.013,0
CC-00514,500,True,True,True,0.6,0.151,0
CC-00515,200,True,True,True,0.331,0.961,0
CC-00516,100,False,True,False,0.418,0.158,0
CC-00517,2000,False,True,False,0.476,0.55,0
CC-00518,200,True,True,True,0.763,0.596,0
CC-00519,100,False,True,True,0.556,0.784,0
CC-00520,100,False,False,True,0.595,0.9,0
CC-00521,500,False,True,False,0.548,0.15,1
CC-00522,100,True,True,True,0.383,0.193,0
CC-00523,2000,True,False,True,0.732,0.217,1
CC-00524,2000,False,True,True,0.41,0.25,1
CC-00525,2000,True,True,True,0.647,0.11,0
CC-00526,100,True,True,True,0.3,0.948,0
CC-00527,200,True,True,True,0.314,0.985,0
CC-00528,200,True,True,True,0.683,0.039,0
CC-00529,200,True,True,True,0.65,0.189,0
CC-00530,100,True,True,True,0.773,0.05,1
CC-00531,500,False,False,True,0.368,0.572,1
CC-00532,500,True,True,True,0.738,0.222,0
CC-00533,100,True,True,True,0.489,0.627,1
CC-00534,100,False,True,True,0.325,0.9,1
CC-00535,200,False,False,True,0.511,0.556,0
CC-00536,500,True,True,True,0.532,0.01,1
CC-00537,100,True,True,True,0.79,0.729,0
CC-00538,500,True,True,True,0.732,0.37,1
CC-00539,200,True,True,True,0.358,0.608,0
CC-00540,2000,True,True,True,0.4,0.727,1
CC-00541,100,True,False,False,0.488,0.739,0
CC-00542,100,True,True,True,0.601,0.021,0
CC-00543,200,True,False,False,0.492,0.904,1
CC-00544,200,False,True,True,0.598,0.868,0
CC-00545,100,True,True,True,0.37,0.452,1
CC-00546,200,True,True,True,0.486,0.73,0
CC-00547,200,True,False,True,0.652,0.013,0
CC-00548,500,True,False,True,0.586,0.33,1
CC-00549,2000,True,False,True,0.489,0.387,0
CC-00550,2000,False,False,True,0.602,0.997,1
CC-00551,200,False,True,True,0.61,0.049,1
CC-00552,200,True,True,True,0.41,0.533,0
CC-00553,200,False,True,False,0.306,0.878,0
CC-00554,200,True,True,True,0.56,0.118,0
CC-00555,200,False,True,True,0.675,0.872,0
CC-00556,500,False,True,True,0.341,0.374,0
CC-00557,2000,False,True,True,0.332,0.225,1
CC-00558,200,False,True,True,0.342,0.505,0
CC-00559,2000,True,True,True,0.475,0.721,1
CC-00560,2000,True,True,True,0.765,0.175,1
CC-00561,100,True,True,True,0.58,0.486,0
CC-00562,500,True,False,False,0.451,0.95,0
CC-00563,200,True,True,True,0.529,0.516,1
CC-00564,500,True,True,True,0.403,0.562,0
CC-00565,100,True,False,True,0.539,0.49,1
CC-00566,2000,True,True,False,0.698,0.499,0
CC-00567,2000,True,False,True,0.315,0.037,1
CC-00568,200,False,True,False,0.319,0.699,0
CC-00569,100,True,True,True,0.475,0.415,0
CC-00570,200,False,True,True,0.385,0.555,1
CC-00571,200,True,True,True,0.398,0.763,0
CC-00572,500,True,False,True,0.581,0.291,0
CC-00573,100,False,True,True,0.643,0.893,1
CC-00574,2000,True,False,True,0.465,0.309,0
CC-00575,2000,True,True,True,0.704,0.894,0
CC-00576,100,False,True,True,0.551,0.166,0
CC-00577,100,True,True,True,0.751,0.541,0
CC-00578,100,True,True,True,0.33,0.263,0
CC-00579,500,True,True,True,0.603,0.276,1
CC-00580,2000,True,False,True,0.473,0.354,1
CC-00581,200,True,False,False,0.576,0.787,0
CC-00582,2000,True,True,True,0.694,0.807,0
CC-00583,500,False,True,True,0.69,0.369,1
CC-00584,100,True,True,True,0.523,0.86,1
CC-00585,100,True,True,True,0.331,0.018,1
CC-00586,500,True,False,True,0.739,0.654,0
CC-00587,500,True,True,True,0.503,0.943,0
CC-00588,200,False,True,True,0.459,0.886,1
CC-00589,2000,True,True,True,0.778,0.104,0
CC-00590,500,False,False,True,0.482,0.455,0
CC-00591,100,True,True,True,0.4,0.072,1
CC-00592,2000,False,True,True,0.795,0.214,0
CC-00593,500,False,True,True,0.451,0.725,0
CC-00594,500,True,True,False,0.721,0.167,0
CC-00595,2000,True,True,True,0.752,0.836,0
CC-00596,2000,True,True,True,0.342,0.408,0
CC-00597,2000,True,True,True,0.321,0.218,0
CC-00598,500,True,True,True,0.733,0.616,1
CC-00599,100,True,True,False,0.722,0.295,0
CC-00600,2000,True,True,True,0.66,0.184,1
CC-00601,500,False,True,False,0.371,0.56,0
CC-00602,200,False,True,True,0.771,0.409,0
CC-00603,500,False,True,False,0.749,0.84,0
CC-00604,500,True,True,True,0.673,0.036,1
CC-00605,500,True,True,True,0.754,0.035,0
CC-00606,100,True,True,False,0.731,0.716,1
CC-00607,2000,False,False,True,0.46,0.168,0
CC-00608,200,True,True,False,0.668,0.113,1
CC-00609,200,True,True,True,0.551,0.641,0
CC-00610,2000,True,True,True,0.625,0.105,0
CC-00611,200,False,True,True,0.702,0.732,0
CC-00612,2000,False,True,True,0.799,0.099,0
CC-00613,100,False,True,True,0.681,0.985,0
CC-00614,2000,False,True,True,0.51,0.642,0
CC-00615,500,True,False,True,0.638,0.476,1
CC-00616,500,True,False,True,0.75,0.466,1
CC-00617,200,True,True,True,0.797,0.81,0
CC-00618,200,False,True,False,0.659,0.581,0
CC-00619,100,True,False,True,0.457,0.592,0
CC-00620,2000,True,True,True,0.719,0.53,1
CC-00621,2000,True,True,True,0.363,0.665,0
CC-00622,100,True,True,False,0.423,0.632,1
CC-00623,200,True,True,True,0.351,0.784,0
CC-00624,200,True,True,True,0.569,0.932,0
CC-00625,500,True,True,True,0.771,0.436,0
CC-00626,200,True,False,False,0.481,0.323,1
CC-00627,100,False,True,True,0.671,0.694,0
CC-00628,100,True,True,True,0.365,0.812,0
CC-00629,200,True,True,False,0.652,0.384,1
CC-00630,100,True,True,False,0.301,0.891,0
CC-00631,200,False,True,True,0.45,0.839,1
CC-00632,100,True,True,True,0.561,0.417,1
CC-00633,500,False,True,False,0.695,0.677,0
CC-00634,500,False,True,False,0.325,0.868,1
CC-00635,500,True,False,True,0.556,0.517,1
CC-00636,2000,False,True,True,0.441,0.595,0
CC-00637,200,True,True,False,0.414,0.445,0
CC-00638,2000,True,True,True,0.503,0.054,0
CC-00639,500,True,False,True,0.709,0.623,0
CC-00640,500,True,True,True,0.703,0.151,1
CC-00641,2000,False,True,True,0.745,0.024,1
CC-00642,100,True,True,True,0.617,0.402,1
CC-00643,200,True,False,True,0.581,0.614,1
CC-00644,500,False,True,True,0.677,0.344,0
CC-00645,500,True,False,False,0.583,0.979,0
CC-00646,500,True,True,True,0.736,0.63,0
CC-00647,2000,True,True,True,0.565,0.016,1
CC-00648,2000,True,True,True,0.342,0.565,0
CC-00649,2000,False,True,True,0.382,0.038,1
CC-00650,100,True,False,False,0.319,0.001,1
CC-00651,200,False,True,False,0.496,0.959,0
CC-00652,500,True,True,True,0.794,0.216,0
CC-00653,200,True,True,True,0.692,0.296,0
CC-00654,2000,True,True,False,0.443,0.902,1
CC-00655,200,False,True,False,0.345,0.484,1
CC-00656,100,True,False,True,0.579,0.478,0
CC-00657,100,True,False,True,0.335,0.183,0
CC-00658,100,True,True,True,0.352,0.643,0
CC-00659,100,True,True,False,0.701,0.482,1
CC-00660,2000,False,False,False,0.491,0.244,0
CC-00661,100,True,True,True,0.349,0.216,0
CC-00662,200,True,True,True,0.776,0.862,1
CC-00663,500,False,False,True,0.671,0.69,0
CC-00664,500,False,True,False,0.712,0.876,1
CC-00665,200,True,True,True,0.458,0.27,0
CC-00666,500,True,False,True,0.523,0.022,1
CC-00667,200,True,True,True,0.449,0.352,0
CC-00668,100,False,False,True,0.792,0.799,0
CC-00669,200,True,True,False,0.619,0.873,1
CC-00670,200,True,True,True,0.56,0.605,0
CC-00671,100,True,True,True,0.689,0.965,0
CC-00672,100,False,True,True,0.381,0.111,0
CC-00673,500,True,True,True,0.704,0.305,0
CC-00674,500,True,True,True,0.527,0.648,0
CC-00675,500,True,False,True,0.693,0.967,0
CC-00676,100,False,True,True,0.574,0.742,0
CC-00677,200,True,True,False,0.384,0.163,0
CC-00678,2000,True,True,True,0.397,0.663,1
CC-00679,2000,True,True,True,0.647,0.716,0
CC-00680,2000,True,True,True,0.665,0.477,0
CC-00681,100,True,True,True,0.615,0.156,0
CC-00682,200,True,True,True,0.768,0.67,0
CC-00683,2000,True,True,True,0.652,0.378,0
CC-00684,200,True,True,True,0.376,0.047,0
CC-00685,2000,True,True,True,0.757,0.439,0
CC-00686,500,True,True,True,0.37,0.826,1
CC-00687,500,False,True,True,0.581,0.979,1
CC-00688,2000,True,True,True,0.316,0.889,1
CC-00689,2000,True,True,True,0.457,0.384,1
CC-00690,500,True,False,True,0.423,0.851,1
CC-00691,500,False,True,True,0.308,0.906,0
CC-00692,200,True,True,True,0.405,0.337,0
CC-00693,2000,True,False,True,0.385,0.112,0
CC-00694,100,True,True,True,0.597,0.979,1
CC-00695,200,True,True,True,0.756,0.087,0
CC-00696,200,True,False,True,0.525,0.207,1
CC-00697,2000,True,True,True,0.667,0.915,0
CC-00698,2000,True,True,True,0.747,0.638,0
CC-00699,2000,False,True,True,0.568,0.781,1
CC-00700,200,False,True,True,0.58,0.222,1
CC-00701,100,False,True,False,0.496,0.511,0
CC-00702,100,True,True,True,0.312,0.394,0
CC-00703,100,False,True,False,0.59,0.777,0
CC-00704,200,True,False,False,0.376,0.54,1
CC-00705,2000,False,True,True,0.503,0.717,0
CC-00706,200,False,True,True,0.69,0.483,0
CC-00707,100,True,False,True,0.643,0.691,0
CC-00708,100,True,True,True,0.723,0.428,0
CC-00709,2000,True,True,True,0.328,0.635,1
CC-00710,200,True,False,True,0.301,0.178,0
CC-00711,2000,False,False,False,0.744,0.085,0
CC-00712,100,True,True,True,0.49,0.259,1
CC-00713,2000,True,True,False,0.57,0.658,0
CC-00714,2000,True,True,False,0.687,0.976,0
CC-00715,100,True,True,True,0.77,0.498,1
CC-00716,100,True,True,False,0.651,0.415,1
CC-00717,2000,True,True,False,0.306,0.803,0
CC-00718,100,True,False,True,0.634,0.119,0
CC-00719,2000,False,True,True,0.466,0.769,0
CC-00720,500,False,False,False,0.59,0.82,0
CC-00721,500,True,True,False,0.51,0.986,0
CC-00722,200,True,True,True,0.59,0.906,0
CC-00723,100,True,False,True,0.786,0.189,1
CC-00724,200,True,True,True,0.54,0.861,0
CC-00725,2000,True,True,True,0.452,0.026,0
CC-00726,100,True,True,True,0.732,0.955,1
CC-00727,2000,False,True,True,0.364,0.182,0
CC-00728,500,True,True,True,0.667,0.629,0
CC-00729,100,False,False,True,0.603,0.292,0
CC-00730,2000,True,True,True,0.423,0.594,0
CC-00731,2000,True,True,True,0.692,0.921,0
CC-00732,200,True,False,False,0.705,0.121,0
CC-00733,200,True,True,True,0.535,0.617,0
CC-00734,2000,True,False,False,0.503,0.863,1
CC-00735,200,True,False,True,0.762,0.25,1
CC-00736,200,True,True,True,0.596,0.806,0
CC-00737,100,True,True,True,0.457,0.057,0
CC-00738,500,False,True,True,0.356,0.885,0
CC-00739,200,True,True,True,0.73,0.852,0
CC-00740,2000,False,True,True,0.786,0.79,0
CC-00741,200,True,False,True,0.777,0.848,1
CC-00742,2000,True,True,True,0.665,0.146,1
CC-00743,200,False,True,False,0.315,0.848,0
CC-00744,2000,False,True,True,0.432,0.505,1
CC-00745,100,True,True,True,0.328,0.58,0
CC-00746,200,True,True,False,0.689,0.138,0
CC-00747,200,True,True,False,0.444,0.577,1
CC-00748,200,False,True,True,0.756,0.761,1
CC-00749,500,True,False,True,0.468,0.189,1
CC-00750,2000,True,True,True,0.44,0.223,1
CC-00751,200,True,True,True,0.543,0.29,0
CC-00752,100,False,True,True,0.605,0.332,0
CC-00753,2000,True,True,True,0.605,0.364,0
CC-00754,500,True,True,True,0.787,0.212,1
CC-00755,500,True,True,True,0.507,0.605,1
CC-00756,200,True,True,True,0.314,0.048,0
CC-00757,2000,False,True,False,0.595,0.663,0
CC-00758,500,False,True,True,0.701,0.547,1
CC-00759,500,True,True,True,0.368,0.845,0
CC-00760,2000,True,True,True,0.607,0.354,1
CC-00761,200,True,True,True,0.668,0.915,0
CC-00762,200,False,True,True,0.545,0.475,0
CC-00763,2000,True,False,False,0.307,0.928,0
CC-00764,2000,False,False,True,0.491,0.02,0
CC-00765,2000,True,False,False,0.68,0.264,0
CC-00766,2000,False,True,True,0.75,0.159,1
CC-00767,100,False,True,False,0.649,0.808,0
CC-00768,100,False,True,True,0.645,0.407,0
CC-00769,2000,True,True,True,0.769,0.624,1
CC-00770,2000,True,True,True,0.755,0.166,1
CC-00771,500,True,True,True,0.762,0.315,0
CC-00772,2000,True,True,False,0.553,0.468,1
CC-00773,500,False,True,True,0.598,0.661,1
CC-00774,2000,True,True,True,0.727,0.086,0
CC-00775,100,True,False,True,0.493,0.472,0
CC-00776,2000,True,True,True,0.598,0.549,0
CC-00777,2000,True,True,True,0.37,0.746,1
CC-00778,2000,True,True,True,0.543,0.215,0
CC-00779,2000,True,True,True,0.641,0.96,0
CC-00780,100,True,True,False,0.771,0.759,0
CC-00781,2000,True,True,True,0.319,0.529,0
CC-00782,500,True,True,True,0.759,0.501,1
CC-00783,500,True,False,True,0.719,0.586,0
CC-00784,2000,True,True,True,0.324,0.518,0
CC-00785,500,True,True,True,0.445,0.118,1
CC-00786,100,True,False,True,0.697,0.231,0
CC-00787,500,False,False,True,0.517,0.042,0
CC-00788,2000,False,True,True,0.441,0.271,0
CC-00789,200,True,False,True,0.678,0.219,0
CC-00790,500,True,False,True,0.651,0.62,0
CC-00791,2000,True,True,False,0.38,0.334,1
CC-00792,100,False,True,True,0.369,0.483,0
CC-00793,200,True,True,True,0.673,0.943,0
CC-00794,2000,True,True,False,0.733,0.014,0
CC-00795,2000,True,True,True,0.714,0.452,0
CC-00796,500,True,True,True,0.674,0.296,0
CC-00797,2000,False,True,False,0.518,0.26,0
CC-00798,500,True,True,True,0.665,0.959,0
CC-00799,2000,True,True,True,0.538,0.394,0
CC-00800,200,True,True,True,0.722,0.87,0
CC-00801,2000,True,True,True,0.396,0.845,0
CC-00802,100,True,False,True,0.414,0.85,0
CC-00803,200,True,True,True,0.613,0.752,0
CC-00804,2000,True,True,False,0.569,0.563,0
CC-00805,200,False,True,True,0.448,0.453,0
CC-00806,200,True,False,True,0.309,0.599,1
CC-00807,100,True,False,True,0.518,0.955,0
CC-00808,2000,True,True,True,0.773,0.994,1
CC-00809,200,True,False,True,0.48,0.266,1
CC-00810,100,True,True,False,0.681,0.93,0
CC-00811,2000,True,True,True,0.497,0.516,1
CC-00812,200,True,True,False,0.603,0.821,1
CC-00813,500,True,True,True,0.321,0.589,1
CC-00814,2000,True,True,True,0.319,0.526,0
CC-00815,100,True,True,True,0.499,0.687,1
CC-00816,100,True,True,True,0.432,0.672,0
CC-00817,200,False,True,True,0.792,0.766,0
CC-00818,500,True,True,True,0.657,0.874,1
CC-00819,500,True,True,True,0.453,0.809,0
CC-00820,200,True,True,True,0.633,0.305,0
CC-00821,200,False,False,False,0.403,0.995,0
CC-00822,2000,False,True,True,0.554,0.198,0
CC-00823,200,False,True,True,0.755,0.102,0
CC-00824,100,True,True,True,0.545,0.114,0
CC-00825,200,False,False,True,0.717,0.572,0
CC-00826,100,True,True,True,0.727,0.469,0
CC-00827,200,False,True,True,0.592,0.825,0
CC-00828,100,True,False,True,0.696,0.291,1
CC-00829,500,True,True,True,0.686,0.765,0
CC-00830,2000,False,True,True,0.495,0.344,0
CC-00831,500,True,True,True,0.303,0.389,0
CC-00832,200,True,True,True,0.307,0.203,0
CC-00833,2000,True,False,True,0.476,0.855,0
CC-00834,500,True,True,False,0.338,0.627,0
CC-00835,500,False,False,False,0.506,0.59,0
CC-00836,200,True,False,True,0.731,0.704,1
CC-00837,200,True,True,True,0.496,0.895,0
CC-00838,100,True,False,True,0.654,0.115,1
CC-00839,2000,True,True,True,0.726,0.804,1
CC-00840,100,True,True,True,0.349,0.861,1
CC-00841,200,False,True,False,0.642,0.255,1
CC-00842,2000,False,False,True,0.324,0.365,0
CC-00843,100,True,True,True,0.392,0.54,1
CC-00844,500,True,False,True,0.584,0.763,0
CC-00845,200,True,False,True,0.681,0.62,0
CC-00846,500,True,False,True,0.498,0.42,0
CC-00847,200,True,False,True,0.551,0.084,0
CC-00848,200,True,False,True,0.755,0.771,0
CC-00849,100,True,True,True,0.339,0.016,1
CC-00850,2000,True,True,True,0.487,0.072,1
CC-00851,500,True,False,True,0.544,0.051,1
CC-00852,500,True,False,True,0.424,0.506,0
CC-00853,200,True,True,True,0.567,0.698,0
CC-00854,100,True,False,True,0.777,0.637,0
CC-00855,200,True,False,False,0.583,0.25,0
CC-00856,200,True,True,False,0.682,0.888,0
CC-00857,100,True,True,True,0.305,0.032,0
CC-00858,200,True,True,True,0.745,0.153,1
CC-00859,500,True,False,True,0.349,0.122,1
CC-00860,500,False,False,False,0.316,0.832,0
CC-00861,500,True,True,True,0.487,0.663,0
CC-00862,500,True,False,True,0.347,0.899,1
CC-00863,200,False,True,True,0.459,0.014,1
CC-00864,200,True,True,True,0.415,0.767,1
CC-00865,500,True,True,True,0.394,0.167,0
CC-00866,100,False,True,False,0.443,0.038,0
CC-00867,200,False,True,True,0.422,0.391,0
CC-00868,500,False,True,True,0.614,0.26,0
CC-00869,500,True,True,True,0.762,0.09,1
CC-00870,200,True,True,True,0.596,0.138,0
CC-00871,100,False,True,True,0.584,0.84,0
CC-00872,100,False,False,True,0.344,0.004,0
CC-00873,100,True,True,True,0.443,0.396,0
CC-00874,500,True,True,True,0.315,0.594,1
CC-00875,2000,True,True,True,0.423,0.908,0
CC-00876,200,True,True,True,0.376,0.448,1
CC-00877,2000,True,False,True,0.666,0.247,0
CC-00878,100,True,True,True,0.592,0.725,1
CC-00879,500,False,True,True,0.62,0.545,0
CC-00880,200,True,True,False,0.741,0.679,0
CC-00881,2000,True,True,True,0.447,0.778,1
CC-00882,100,True,False,False,0.728,0.173,1
CC-00883,200,True,True,False,0.692,0.694,0
CC-00884,200,True,True,True,0.377,0.714,0
CC-00885,500,True,True,False,0.57,0.322,0
CC-00886,100,False,True,False,0.611,0.24,0
CC-00887,2000,True,True,True,0.775,0.439,0
CC-00888,200,True,False,True,0.7,0.618,0
CC-00889,200,True,True,True,0.734,0.589,0
CC-00890,500,True,True,True,0.471,0.432,0
CC-00891,100,False,True,True,0.742,0.168,1
CC-00892,200,False,True,True,0.587,0.34,0
CC-00893,500,True,False,True,0.544,0.096,0
CC-00894,500,True,True,True,0.673,0.841,0
CC-00895,2000,True,True,True,0.475,0.142,0
CC-00896,500,True,True,False,0.741,0.893,0
CC-00897,200,False,True,True,0.66,0.616,1
CC-00898,100,True,True,True,0.469,0.911,0
CC-00899,500,False,True,False,0.536,0.307,1
CC-00900,100,True,False,False,0.706,0.768,0
CC-00901,200,True,True,True,0.627,0.368,0
CC-00902,500,True,False,True,0.651,0.305,0
CC-00903,200,False,True,True,0.713,0.748,0
CC-00904,100,True,True,False,0.652,0.291,0
CC-00905,2000,False,True,True,0.766,0.35,0
CC-00906,2000,True,True,True,0.521,0.977,1
CC-00907,100,True,True,True,0.39,0.998,0
CC-00908,2000,True,True,True,0.777,0.815,0
CC-00909,200,True,True,True,0.645,0.782,0
CC-00910,500,True,True,True,0.556,0.578,1
CC-00911,100,True,True,True,0.7,0.125,0
CC-00912,100,True,False,True,0.703,0.48,0
CC-00913,2000,True,False,True,0.585,0.854,1
CC-00914,500,True,True,True,0.638,0.315,1
CC-00915,100,True,True,True,0.386,0.004,1
CC-00916,2000,False,True,True,0.338,0.923,1
CC-00917,500,False,True,True,0.751,0.594,0
CC-00918,100,True,True,True,0.462,0.918,0
CC-00919,100,True,True,True,0.541,0.493,0
CC-00920,100,True,True,True,0.4,0.384,1
CC-00921,200,True,True,True,0.619,0.861,0
CC-00922,200,True,True,True,0.365,0.113,0
CC-00923,2000,False,True,True,0.762,0.683,1
CC-00924,2000,True,False,True,0.388,0.691,0
CC-00925,100,True,True,False,0.337,0.938,0
CC-00926,500,True,True,False,0.751,0.128,0
CC-00927,200,False,True,False,0.454,0.416,0
CC-00928,200,False,False,True,0.309,0.706,0
CC-00929,100,True,True,True,0.561,0.946,0
CC-00930,500,True,True,True,0.547,0.735,0
CC-00931,200,True,True,True,0.597,0.533,1
CC-00932,200,True,True,True,0.625,0.237,0
CC-00933,500,True,True,False,0.642,0.016,1
CC-00934,100,True,True,True,0.38,0.89,0
CC-00935,2000,True,True,True,0.625,0.738,0
CC-00936,500,True,False,True,0.436,0.229,1
CC-00937,100,False,True,True,0.767,0.447,1
CC-00938,100,False,False,True,0.526,0.577,0
CC-00939,500,True,True,False,0.707,0.517,0
CC-00940,500,False,True,True,0.761,0.665,1
CC-00941,500,True,False,True,0.387,0.312,0
CC-00942,500,True,True,True,0.786,0.74,1
CC-00943,500,False,False,True,0.398,1.0,0
CC-00944,500,True,True,True,0.319,0.071,1
CC-00945,2000,True,False,True,0.719,0.721,1
CC-00946,500,True,False,True,0.667,0.13,1
CC-00947,500,True,False,True,0.669,0.583,0
CC-00948,200,False,True,False,0.499,0.805,1
CC-00949,100,True,True,True,0.743,0.827,1
CC-00950,100,True,True,True,0.526,0.478,1
CC-00951,200,False,True,True,0.396,0.949,0
CC-00952,2000,True,True,True,0.503,0.25,1
CC-00953,200,True,True,True,0.604,0.575,1
CC-00954,500,False,True,True,0.522,0.236,0
CC-00955,200,False,False,False,0.706,0.597,1
CC-00956,200,True,False,True,0.693,0.587,1
CC-00957,200,False,True,True,0.454,0.428,0
CC-00958,2000,True,True,True,0.706,0.675,1
CC-00959,2000,True,True,True,0.722,0.382,1
CC-00960,500,True,True,False,0.451,0.102,1
CC-00961,500,True,False,True,0.377,0.217,0
CC-00962,100,True,False,True,0.481,0.043,0
CC-00963,200,True,True,True,0.422,0.957,0
CC-00964,2000,False,True,False,0.74,0.147,1
CC-00965,100,True,True,True,0.475,0.57,1
CC-00966,100,True,False,False,0.651,0.289,1
CC-00967,2000,False,False,False,0.752,0.948,0
CC-00968,200,False,True,False,0.722,0.266,0
CC-00969,200,False,False,True,0.456,0.525,0
CC-00970,2000,True,True,True,0.798,0.828,0
CC-00971,200,False,True,True,0.314,0.413,0
CC-00972,200,True,True,True,0.798,0.252,0
CC-00973,500,True,True,True,0.557,0.097,0
CC-00974,100,True,False,False,0.634,0.426,0
CC-00975,100,True,True,True,0.316,0.76,1
CC-00976,500,True,False,False,0.311,0.369,1
CC-00977,500,True,True,False,0.682,0.801,0
CC-00978,2000,False,True,True,0.353,0.066,0
CC-00979,100,True,True,True,0.63,0.034,0
CC-00980,2000,True,True,True,0.684,0.617,1
CC-00981,500,False,False,False,0.737,0.347,0
CC-00982,2000,True,False,False,0.467,0.565,1
CC-00983,2000,False,True,False,0.776,0.82,1
CC-00984,200,False,True,True,0.551,0.445,0
CC-00985,2000,True,False,True,0.319,0.559,1
CC-00986,100,False,True,True,0.477,0.276,0
CC-00987,2000,True,True,True,0.736,0.447,0
CC-00988,100,True,True,True,0.513,0.211,0
CC-00989,200,True,False,False,0.314,0.612,0
CC-00990,100,True,True,True,0.491,0.308,0
CC-00991,100,False,False,True,0.443,0.929,0
CC-00992,100,True,True,False,0.528,0.843,0
CC-00993,100,False,True,True,0.414,0.949,1
CC-00994,200,False,True,True,0.527,0.243,0
CC-00995,100,True,False,False,0.507,0.677,1
CC-00996,2000,True,True,True,0.39,0.748,0
CC-00997,500,True,True,True,0.783,0.966,1
CC-00998,500,False,True,False,0.602,0.245,0
CC-00999,100,True,True,True,0.664,0.287,1
CC-01000,200,True,True,True,0.355,0.809,0
CC-01001,500,True,True,True,0.434,0.464,0
CC-01002,200,True,True,True,0.457,0.816,0
CC-01003,100,True,False,True,0.53,0.062,1
CC-01004,500,True,True,True,0.755,0.284,1
CC-01005,500,True,True,False,0.519,0.223,0
CC-01006,200,True,True,True,0.74,0.965,0
CC-01007,100,True,True,True,0.754,0.368,0
CC-01008,2000,True,True,False,0.565,0.428,0
CC-01009,100,False,True,True,0.316,0.063,1
CC-01010,2000,True,False,True,0.554,0.166,1
CC-01011,100,True,True,True,0.446,0.484,1
CC-01012,2000,True,True,False,0.594,0.339,1
CC-01013,2000,True,True,True,0.657,0.64,0
CC-01014,2000,True,True,False,0.448,0.403,1
CC-01015,200,True,True,True,0.758,0.192,1
CC-01016,100,True,True,True,0.621,0.774,0
CC-01017,200,True,False,True,0.408,0.436,0
CC-01018,100,False,True,False,0.429,0.338,1
CC-01019,500,False,True,True,0.42,0.641,0
CC-01020,100,True,True,False,0.793,0.607,0
CC-01021,200,True,True,False,0.512,0.648,1
CC-01022,2000,True,False,True,0.564,0.998,0
CC-01023,2000,True,True,True,0.679,0.09,0
CC-01024,2000,True,True,True,0.312,0.849,0
CC-01025,2000,True,False,True,0.742,0.142,0
CC-01026,500,True,True,False,0.614,0.821,1
CC-01027,100,True,True,True,0.495,0.857,0
CC-01028,100,False,True,False,0.577,0.91,0
CC-01029,2000,True,False,True,0.431,0.793,0
CC-01030,500,True,True,False,0.776,0.088,1
CC-01031,200,True,True,True,0.79,0.273,0
CC-01032,100,True,True,True,0.791,0.373,0
CC-01033,2000,True,True,True,0.676,0.616,1
CC-01034,100,True,True,True,0.631,0.971,1
CC-01035,200,False,True,True,0.516,0.394,0
CC-01036,200,True,False,True,0.779,0.34,0
CC-01037,500,True,False,True,0.421,0.874,1
CC-01038,100,True,True,True,0.646,0.411,1
CC-01039,200,True,True,True,0.769,0.648,0
CC-01040,2000,True,True,True,0.491,0.825,1
CC-01041,100,True,True,True,0.331,0.856,0
CC-01042,100,True,True,True,0.377,0.301,0
CC-01043,200,False,False,True,0.684,0.751,0
CC-01044,100,False,True,True,0.336,0.572,0
CC-01045,500,True,True,True,0.438,0.444,0
CC-01046,500,True,True,True,0.695,0.156,1
CC-01047,100,True,False,True,0.384,0.106,1
CC-01048,200,True,False,True,0.39,0.93,0
CC-01049,100,True,True,True,0.645,0.937,0
CC-01050,500,True,True,False,0.654,0.096,0
CC-01051,200,True,True,True,0.484,0.777,1
CC-01052,200,True,True,True,0.312,0.754,0
CC-01053,200,True,True,True,0.72,0.902,0
CC-01054,2000,True,False,True,0.569,0.321,1
CC-01055,200,True,True,True,0.513,0.391,1
CC-01056,2000,True,True,True,0.362,0.925,0
CC-01057,200,True,True,True,0.328,0.925,0
CC-01058,100,True,True,True,0.328,0.964,0
CC-01059,100,True,True,False,0.555,0.486,0
CC-01060,2000,False,False,True,0.563,0.603,0
CC-01061,200,False,True,True,0.527,0.94,0
CC-01062,100,True,False,True,0.413,0.93,0
CC-01063,100,True,True,False,0.41,0.449,1
CC-01064,100,True,True,True,0.795,0.824,0
CC-01065,500,False,True,True,0.68,0.324,0
CC-01066,100,True,False,True,0.792,0.785,0
CC-01067,200,False,False,True,0.364,0.58,1
CC-01068,500,True,True,False,0.567,0.157,0
CC-01069,100,True,True,False,0.736,0.966,0
CC-01070,100,True,True,False,0.685,0.333,1
CC-01071,500,True,True,True,0.461,0.241,0
CC-01072,100,True,True,True,0.589,0.782,1
CC-01073,100,True,False,False,0.797,0.452,0
CC-01074,2000,True,True,True,0.755,0.197,1
CC-01075,2000,True,True,True,0.455,0.616,1
CC-01076,500,True,True,True,0.305,0.313,0
CC-01077,2000,True,True,True,0.341,0.314,0
CC-01078,100,True,True,True,0.339,0.167,0
CC-01079,200,True,True,True,0.677,0.55,1
CC-01080,200,True,True,True,0.718,0.283,0
CC-01081,2000,True,True,True,0.334,0.803,0
CC-01082,2000,True,True,False,0.484,0.838,0
CC-01083,100,False,True,False,0.603,0.437,1
CC-01084,200,True,True,True,0.321,0.65,0
CC-01085,500,True,True,True,0.431,0.628,0
CC-01086,500,False,False,True,0.381,0.937,0
CC-01087,200,True,True,True,0.515,0.868,1
CC-01088,200,True,True,True,0.733,0.177,1
CC-01089,2000,True,False,True,0.692,0.886,1
CC-01090,500,True,True,True,0.353,0.672,0
CC-01091,200,True,True,True,0.79,0.221,0
CC-01092,2000,False,True,True,0.412,0.893,1
CC-01093,2000,False,True,True,0.377,0.057,0
CC-01094,2000,True,True,True,0.378,0.417,1
CC-01095,100,False,True,True,0.445,0.996,0
CC-01096,500,False,True,True,0.332,0.444,0
CC-01097,2000,True,True,True,0.612,0.705,0
CC-01098,100,False,True,True,0.357,0.406,0
CC-01099,100,True,True,True,0.518,0.437,0
CC-01100,100,True,False,True,0.512,0.044,0
CC-01101,500,True,True,True,0.333,0.24,1
CC-01102,500,True,True,True,0.301,0.19,0
CC-01103,2000,True,True,True,0.319,0.111,0
CC-01104,200,True,True,True,0.531,0.51,0
CC-01105,500,True,True,False,0.774,0.074,1
CC-01106,100,True,True,True,0.414,0.575,0
CC-01107,2000,False,True,True,0.705,0.947,0
CC-01108,500,True,True,True,0.678,0.116,1
CC-01109,2000,False,True,True,0.68,0.179,1
CC-01110,2000,True,True,False,0.599,0.823,0
CC-01111,500,False,True,False,0.464,0.257,1
CC-01112,2000,True,False,False,0.325,0.288,0
CC-01113,2000,False,False,True,0.535,0.027,0
CC-01114,500,True,True,True,0.686,0.618,1
CC-01115,2000,False,True,True,0.64,0.708,1
CC-01116,500,True,True,True,0.746,0.148,0
CC-01117,500,False,True,True,0.609,0.213,1
CC-01118,2000,True,True,True,0.769,0.622,0
CC-01119,2000,True,True,True,0.386,0.192,0
CC-01120,200,True,True,True,0.763,0.799,0
CC-01121,100,False,True,False,0.611,0.174,0
CC-01122,100,True,True,True,0.461,0.046,1
CC-01123,200,False,False,True,0.543,0.468,0
CC-01124,200,True,True,True,0.313,0.529,0
CC-01125,200,True,True,True,0.645,0.572,0
CC-01126,200,True,True,True,0.603,0.941,0
CC-01127,200,False,False,True,0.367,0.897,0
CC-01128,2000,False,False,True,0.724,0.348,1
CC-01129,2000,True,True,True,0.746,0.844,1
CC-01130,100,True,True,False,0.641,0.035,0
CC-01131,100,True,True,False,0.4,0.276,0
CC-01132,200,False,False,True,0.73,0.723,0
CC-01133,2000,True,False,True,0.743,0.176,0
CC-01134,100,True,True,True,0.672,0.614,0
CC-01135,100,True,True,True,0.535,0.026,0
CC-01136,2000,True,True,True,0.462,0.556,1
CC-01137,500,False,True,True,0.669,0.036,1
CC-01138,200,True,False,True,0.749,0.907,0
CC-01139,200,True,True,True,0.418,0.06,0
CC-01140,500,False,True,False,0.642,0.837,1
CC-01141,2000,True,False,True,0.571,0.447,1
CC-01142,200,True,True,True,0.38,0.377,1
CC-01143,100,False,True,False,0.56,0.796,0
CC-01144,100,True,True,True,0.472,0.315,1
CC-01145,2000,True,False,True,0.457,0.709,0
CC-01146,500,True,True,False,0.724,0.658,1
CC-01147,200,True,True,False,0.516,0.554,0
CC-01148,200,True,True,True,0.496,0.587,0
CC-01149,200,True,False,False,0.729,0.787,1
CC-01150,500,True,False,False,0.551,0.139,0
CC-01151,2000,True,True,True,0.685,0.105,0
CC-01152,100,True,True,False,0.536,0.035,0
CC-01153,100,True,True,True,0.504,0.632,0
CC-01154,500,False,True,True,0.467,0.61,0
CC-01155,200,True,False,True,0.374,0.218,0
CC-01156,2000,True,True,True,0.683,0.861,1
CC-01157,500,False,True,True,0.357,0.597,0
CC-01158,500,False,True,True,0.381,0.988,0
CC-01159,500,False,True,False,0.784,0.374,0
CC-01160,100,False,True,True,0.339,0.484,0
CC-01161,200,True,False,True,0.356,0.521,0
CC-01162,100,True,True,True,0.317,0.281,1
CC-01163,200,True,True,True,0.687,0.289,0
CC-01164,500,True,True,True,0.627,0.496,0
CC-01165,100,True,True,True,0.468,0.182,1
CC-01166,100,True,True,True,0.455,0.705,1
CC-01167,200,True,True,True,0.345,0.671,1
CC-01168,2000,False,True,True,0.64,0.692,0
CC-01169,100,True,True,False,0.705,0.974,1
CC-01170,2000,True,True,True,0.731,0.466,0
CC-01171,200,True,False,True,0.402,0.002,1
CC-01172,2000,False,True,True,0.474,0.248,0
CC-01173,500,True,False,True,0.504,0.06,1
CC-01174,2000,False,True,True,0.567,0.903,0
CC-01175,200,True,True,True,0.506,0.685,0
CC-01176,100,True,True,True,0.693,0.154,0
CC-01177,500,True,True,True,0.798,0.206,0
CC-01178,2000,True,False,True,0.394,0.504,0
CC-01179,100,True,True,True,0.792,0.619,0
CC-01180,500,True,True,True,0.359,0.141,0
CC-01181,100,True,True,True,0.33,0.466,1
CC-01182,2000,True,True,False,0.524,0.328,0
CC-01183,100,True,True,False,0.527,0.069,1
CC-01184,500,True,True,False,0.762,0.235,0
CC-01185,2000,False,True,False,0.435,0.772,1
CC-01186,200,True,True,True,0.642,0.288,0
CC-01187,2000,False,True,True,0.454,0.506,0
CC-01188,2000,False,True,True,0.592,0.699,0
CC-01189,500,True,True,True,0.375,0.538,0
CC-01190,500,True,True,True,0.565,0.006,0
CC-01191,200,True,True,False,0.444,0.66,0
CC-01192,2000,True,True,True,0.68,0.781,0
CC-01193,500,True,True,True,0.494,0.114,1
CC-01194,2000,True,True,True,0.479,0.531,1
CC-01195,2000,False,True,False,0.453,0.92,0
CC-01196,500,True,True,True,0.625,0.047,0
CC-01197,100,True,True,False,0.702,0.083,0
CC-01198,100,True,True,True,0.667,0.375,0
CC-01199,100,True,True,True,0.75,0.571,1
CC-01200,200,True,False,False,0.638,0.782,1
CC-01201,2000,False,True,True,0.602,0.713,0
CC-01202,100,False,True,True,0.556,0.66,0
CC-01203,100,True,True,False,0.348,0.358,0
CC-01204,200,True,False,True,0.32,0.723,1
CC-01205,200,False,True,True,0.732,0.56,1
CC-01206,200,True,True,True,0.791,0.037,0
CC-01207,100,True,True,True,0.51,0.506,1
CC-01208,100,True,True,True,0.467,0.88,0
CC-01209,2000,True,True,True,0.396,0.026,1
CC-01210,2000,False,True,True,0.368,0.8,1
CC-01211,500,True,True,True,0.441,0.159,0
CC-01212,500,True,True,False,0.612,0.264,0
CC-01213,100,False,False,True,0.391,0.152,0
CC-01214,200,True,True,True,0.522,0.673,0
CC-01215,100,True,False,False,0.683,0.106,0
CC-01216,100,False,True,False,0.33,0.533,0
CC-01217,100,True,True,True,0.416,0.704,0
CC-01218,500,True,True,True,0.425,0.769,1
CC-01219,500,False,True,True,0.597,0.976,0
CC-01220,100,True,True,True,0.439,0.879,1
CC-01221,2000,True,False,True,0.666,0.32,0
CC-01222,2000,False,True,True,0.472,0.326,1
CC-01223,500,True,False,True,0.489,0.761,0
CC-01224,2000,False,True,True,0.527,0.918,0
CC-01225,2000,True,True,True,0.672,0.872,0
CC-01226,200,True,True,True,0.769,0.126,0
CC-01227,100,True,True,True,0.675,0.351,0
CC-01228,500,False,True,True,0.78,0.091,0
CC-01229,500,False,True,True,0.731,0.595,0
CC-01230,500,False,True,True,0.473,0.506,0
CC-01231,100,True,True,True,0.699,0.526,0
CC-01232,2000,True,True,True,0.477,0.347,0
CC-01233,100,True,True,True,0.681,0.71,1
CC-01234,100,True,True,True,0.539,0.047,0
CC-01235,100,True,True,True,0.584,0.538,0
CC-01236,200,True,True,False,0.486,0.987,1
CC-01237,500,False,True,True,0.786,0.214,1
CC-01238,2000,False,True,True,0.624,0.682,0
CC-01239,500,True,True,True,0.631,0.317,0
CC-01240,2000,False,False,True,0.77,0.202,1
CC-01241,100,True,True,True,0.747,0.919,0
CC-01242,200,True,False,True,0.711,0.688,0
CC-01243,100,False,True,True,0.39,0.942,1
CC-01244,500,True,True,True,0.77,0.619,1
CC-01245,100,True,True,True,0.755,0.692,0
CC-01246,200,True,True,True,0.478,0.555,0
CC-01247,100,True,True,False,0.605,0.323,0
CC-01248,2000,True,True,True,0.353,0.753,0
CC-01249,2000,True,False,True,0.637,0.843,1
CC-01250,100,True,True,False,0.451,0.424,1
CC-01251,2000,True,True,True,0.635,0.634,0
CC-01252,2000,True,True,True,0.678,0.81,0
CC-01253,2000,True,True,False,0.455,0.505,0
CC-01254,200,True,True,False,0.767,0.361,1
CC-01255,200,True,True,True,0.781,0.885,0
CC-01256,200,True,True,True,0.496,0.713,0
CC-01257,2000,True,True,True,0.507,0.545,0
CC-01258,200,False,False,True,0.715,0.56,0
CC-01259,200,True,True,True,0.362,0.402,1
CC-01260,500,True,False,True,0.572,0.99,0
CC-01261,100,False,True,True,0.79,0.096,1
CC-01262,2000,True,True,True,0.473,0.939,1
CC-01263,500,True,True,True,0.797,0.765,0
CC-01264,2000,True,False,True,0.54,0.073,1
CC-01265,2000,True,False,True,0.678,0.127,0
CC-01266,200,True,True,True,0.751,0.032,1
CC-01267,2000,True,False,True,0.521,0.713,0
CC-01268,200,True,True,False,0.531,0.436,1
CC-01269,100,True,True,False,0.728,0.26,0
CC-01270,2000,True,True,True,0.307,0.541,1
CC-01271,2000,True,True,True,0.793,0.067,1
CC-01272,2000,True,True,True,0.308,0.245,1
CC-01273,2000,True,True,True,0.406,0.191,1
CC-01274,500,True,True,False,0.713,0.281,1
CC-01275,2000,True,True,False,0.727,0.198,0
CC-01276,500,True,True,True,0.609,0.864,1
CC-01277,100,True,True,True,0.569,0.609,1
CC-01278,200,True,True,True,0.58,0.746,0
CC-01279,2000,True,True,False,0.405,0.522,1
CC-01280,100,True,False,True,0.754,0.863,0
CC-01281,2000,True,True,True,0.767,0.329,1
CC-01282,100,True,False,True,0.302,0.399,1
CC-01283,200,True,True,True,0.453,0.081,0
CC-01284,500,True,True,True,0.79,0.15,1
CC-01285,100,True,False,True,0.733,0.988,0
CC-01286,100,True,True,True,0.433,0.134,0
CC-01287,200,True,True,True,0.589,0.978,0
CC-01288,2000,True,True,True,0.489,0.512,0
CC-01289,200,True,True,False,0.554,0.197,1
CC-01290,500,False,True,True,0.554,0.3,0
CC-01291,100,False,True,True,0.566,0.598,0
CC-01292,500,True,True,True,0.635,0.298,0
CC-01293,500,False,True,True,0.444,0.658,0
CC-01294,500,False,True,True,0.337,0.302,0
CC-01295,2000,True,False,True,0.598,0.04,0
CC-01296,500,True,False,True,0.459,0.4,0
CC-01297,200,True,True,True,0.395,0.829,0
CC-01298,500,False,True,True,0.6,0.081,0
CC-01299,100,True,True,True,0.635,0.858,0
CC-01300,2000,True,False,False,0.747,0.79,0
CC-01301,200,True,True,True,0.368,0.282,0
CC-01302,100,True,True,False,0.546,0.385,0
CC-01303,2000,True,True,True,0.537,0.404,0
CC-01304,500,True,False,True,0.335,0.833,0
CC-01305,200,False,True,True,0.38,0.977,0
CC-01306,500,False,False,True,0.783,0.713,1
CC-01307,200,True,False,True,0.328,0.248,1
CC-01308,500,True,True,True,0.443,0.124,0
CC-01309,100,True,True,True,0.659,0.885,0
CC-01310,100,True,True,True,0.304,0.561,1
CC-01311,200,True,True,True,0.325,0.532,0
CC-01312,2000,True,True,True,0.474,0.79,0
CC-01313,200,True,True,False,0.709,0.182,0
CC-01314,500,True,True,False,0.407,0.881,1
CC-01315,500,True,True,True,0.751,0.82,0
CC-01316,2000,True,True,False,0.334,0.211,1
CC-01317,2000,False,False,True,0.779,0.826,0
CC-01318,2000,True,True,True,0.718,0.521,0
CC-01319,2000,True,True,True,0.348,0.496,0
CC-01320,2000,True,False,True,0.448,0.879,1
CC-01321,2000,True,True,True,0.519,0.456,0
CC-01322,200,True,True,True,0.648,0.961,0
CC-01323,500,True,True,False,0.654,0.162,0
CC-01324,100,True,False,True,0.353,0.45,1
CC-01325,200,True,True,False,0.328,0.481,1
CC-01326,2000,True,True,True,0.577,0.645,0
CC-01327,500,True,True,True,0.633,0.625,1
CC-01328,200,False,True,True,0.343,0.083,0
CC-01329,200,True,True,False,0.406,0.048,1
CC-01330,200,False,True,True,0.681,0.899,0
CC-01331,100,False,True,True,0.633,0.322,0
CC-01332,2000,False,False,True,0.344,0.248,0
CC-01333,200,False,True,True,0.375,0.624,0
CC-01334,100,True,True,True,0.362,0.968,1
CC-01335,200,True,True,True,0.394,0.72,1
CC-01336,500,True,True,True,0.501,0.494,0
CC-01337,2000,False,True,True,0.307,0.802,0
CC-01338,200,True,False,True,0.688,0.33,1
CC-01339,2000,True,True,False,0.651,0.443,0
CC-01340,100,False,False,True,0.684,0.426,0
CC-01341,500,True,False,False,0.429,0.987,1
CC-01342,500,True,True,True,0.431,0.066,1
CC-01343,500,True,True,True,0.399,0.375,0
CC-01344,500,True,True,True,0.556,0.755,0
CC-01345,2000,True,True,True,0.636,0.736,0
CC-01346,100,True,True,False,0.344,0.387,0
CC-01347,100,False,False,True,0.641,0.519,1
CC-01348,500,True,True,True,0.391,0.749,0
CC-01349,100,False,True,True,0.51,0.651,0
CC-01350,200,True,True,False,0.489,0.044,0
CC-01351,2000,True,False,False,0.301,0.085,0
CC-01352,500,False,True,True,0.328,0.627,0
CC-01353,500,True,True,True,0.651,0.775,0
CC-01354,200,True,True,True,0.631,0.474,0
CC-01355,100,True,True,True,0.496,0.792,0
CC-01356,2000,False,True,True,0.576,0.227,0
CC-01357,200,True,False,True,0.624,0.22,1
CC-01358,100,False,False,True,0.73,0.766,0
CC-01359,500,True,True,True,0.606,0.005,0
CC-01360,200,False,False,True,0.389,0.886,0
CC-01361,500,True,True,True,0.553,0.103,0
CC-01362,100,True,True,True,0.388,0.29,0
CC-01363,100,True,True,True,0.472,0.39,1
CC-01364,200,True,False,True,0.733,0.042,0
CC-01365,2000,False,True,False,0.553,0.602,0
CC-01366,200,False,True,True,0.647,0.421,0
CC-01367,200,True,True,True,0.455,0.951,1
CC-01368,200,False,True,False,0.485,0.449,0
CC-01369,200,False,True,True,0.69,0.432,0
CC-01370,500,True,True,True,0.601,0.109,0
CC-01371,500,True,True,True,0.692,0.092,0
CC-01372,2000,False,True,True,0.39,0.475,1
CC-01373,200,False,True,True,0.78,0.287,0
CC-01374,500,True,True,True,0.466,0.378,0
CC-01375,200,False,False,True,0.715,0.484,0
CC-01376,200,True,True,True,0.609,0.761,0
CC-01377,200,True,True,False,0.699,0.82,0
CC-01378,2000,False,True,True,0.777,0.452,0
CC-01379,2000,True,True,True,0.717,0.753,1
CC-01380,200,True,True,True,0.513,0.77,1
CC-01381,500,True,False,True,0.632,0.369,0
CC-01382,100,True,False,True,0.391,0.509,0
CC-01383,2000,False,True,True,0.778,0.639,0
CC-01384,2000,True,True,False,0.684,0.081,0
CC-01385,100,False,True,True,0.783,0.225,1
CC-01386,500,True,True,True,0.501,0.663,1
CC-01387,200,True,False,True,0.519,0.15,1
CC-01388,200,True,True,False,0.698,0.635,0
CC-01389,2000,True,True,True,0.726,0.378,0
CC-01390,500,True,True,False,0.751,0.953,1
CC-01391,2000,True,True,False,0.617,0.605,1
CC-01392,2000,True,True,True,0.527,0.438,1
CC-01393,2000,True,True,True,0.665,0.454,0
CC-01394,500,True,True,True,0.705,0.771,0
CC-01395,100,True,True,True,0.594,0.249,0
CC-01396,500,True,False,True,0.553,0.265,1
CC-01397,2000,True,True,False,0.617,0.922,1
CC-01398,2000,False,True,True,0.718,0.506,0
CC-01399,2000,True,True,False,0.359,0.66,0
CC-01400,2000,True,False,False,0.697,0.159,0
CC-01401,200,True,True,True,0.473,0.467,0
CC-01402,2000,True,True,True,0.76,0.114,0
CC-01403,2000,True,True,True,0.769,0.451,1
CC-01404,100,False,True,True,0.373,0.186,0
CC-01405,2000,True,True,True,0.519,0.614,1
CC-01406,500,False,True,True,0.307,0.26,1
CC-01407,200,True,False,True,0.346,0.732,0
CC-01408,500,False,True,False,0.553,0.819,0
CC-01409,500,True,True,True,0.53,0.673,1
CC-01410,2000,True,True,True,0.5,0.155,0
CC-01411,500,True,True,True,0.766,0.683,0
CC-01412,2000,False,True,True,0.724,0.797,0
CC-01413,500,False,True,True,0.522,0.695,0
CC-01414,200,True,False,True,0.554,0.845,0
CC-01415,200,True,True,True,0.548,0.019,0
CC-01416,100,True,True,False,0.789,0.182,1
CC-01417,100,True,True,True,0.475,0.672,0
CC-01418,2000,True,True,True,0.519,0.89,0
CC-01419,100,True,True,False,0.31,0.122,0
CC-01420,2000,False,True,True,0.306,0.675,0
CC-01421,2000,True,False,True,0.739,0.351,1
CC-01422,200,True,True,True,0.434,0.489,0
CC-01423,500,True,True,False,0.327,0.779,0
CC-01424,100,False,True,False,0.406,0.209,0
CC-01425,100,False,True,True,0.621,0.996,0
CC-01426,200,True,True,True,0.525,0.089,1
CC-01427,500,False,True,True,0.558,0.172,0
CC-01428,500,True,True,False,0.324,0.406,0
CC-01429,2000,False,True,True,0.451,0.936,0
CC-01430,500,False,True,True,0.374,0.793,1
CC-01431,100,True,True,False,0.429,0.348,0
CC-01432,200,True,True,True,0.626,0.736,1
CC-01433,200,True,True,True,0.655,0.746,0
CC-01434,200,True,True,True,0.691,0.241,0
CC-01435,500,True,False,True,0.471,0.183,0
CC-01436,500,True,True,True,0.637,0.212,0
CC-01437,200,True,False,True,0.756,0.635,1
CC-01438,200,True,True,False,0.651,0.513,1
CC-01439,500,False,True,False,0.738,0.146,0
CC-01440,500,False,True,True,0.308,0.523,0
CC-01441,2000,True,False,True,0.48,0.691,0
CC-01442,2000,True,False,True,0.382,0.937,0
CC-01443,200,True,True,True,0.326,0.577,1
CC-01444,200,False,True,True,0.343,0.155,0
CC-01445,500,True,False,False,0.632,0.447,1
CC-01446,500,False,True,True,0.456,0.563,0
CC-01447,2000,True,True,True,0.68,0.504,1
CC-01448,100,True,False,True,0.535,0.381,0
CC-01449,2000,True,False,True,0.756,0.807,0
CC-01450,200,True,True,True,0.481,0.193,0
CC-01451,2000,True,False,True,0.35,0.748,0
CC-01452,500,False,False,True,0.734,0.936,0
CC-01453,2000,False,False,True,0.376,0.971,0
CC-01454,2000,True,True,True,0.722,0.782,1
CC-01455,200,True,False,True,0.65,0.297,0
CC-01456,100,True,True,True,0.453,0.398,0
CC-01457,2000,True,True,True,0.621,0.986,1
CC-01458,2000,True,True,True,0.761,0.513,0
CC-01459,500,True,True,True,0.307,0.534,0
CC-01460,500,True,True,False,0.383,0.345,0
CC-01461,200,False,False,True,0.442,0.373,0
CC-01462,200,True,True,True,0.592,0.948,1
CC-01463,100,True,False,True,0.446,0.081,0
CC-01464,2000,True,False,True,0.726,0.02,0
CC-01465,100,True,False,True,0.386,0.538,0
CC-01466,2000,True,True,True,0.401,0.702,1
CC-01467,200,True,True,True,0.378,0.776,1
CC-01468,500,True,True,True,0.388,0.833,1
CC-01469,100,True,True,True,0.661,0.722,1
CC-01470,500,True,True,True,0.747,0.457,0
CC-01471,2000,True,False,False,0.778,0.224,0
CC-01472,100,True,False,True,0.619,0.559,1
CC-01473,100,False,True,True,0.507,0.674,0
CC-01474,2000,True,False,True,0.759,0.722,0
CC-01475,100,True,True,False,0.7,0.882,0
CC-01476,2000,True,False,True,0.538,0.445,1
CC-01477,2000,True,False,True,0.605,0.124,0
CC-01478,200,False,True,True,0.724,0.783,0
CC-01479,2000,True,True,True,0.36,0.997,1
CC-01480,2000,False,True,True,0.611,0.042,1
CC-01481,100,True,False,True,0.712,0.283,0
CC-01482,2000,False,False,True,0.453,0.419,0
CC-01483,200,True,True,False,0.697,0.925,1
CC-01484,200,True,True,True,0.606,0.064,1
CC-01485,200,True,True,True,0.599,0.65,0
CC-01486,500,True,True,False,0.488,0.288,0
CC-01487,200,False,False,True,0.447,0.169,0
CC-01488,200,True,True,True,0.785,0.683,0
CC-01489,500,True,True,True,0.638,0.908,1
CC-01490,100,True,True,True,0.478,0.054,0
CC-01491,2000,True,True,True,0.505,0.847,0
CC-01492,200,True,True,True,0.666,0.454,0
CC-01493,200,False,True,True,0.794,0.875,1
CC-01494,500,True,True,True,0.301,0.917,1
CC-01495,2000,True,False,False,0.758,0.268,1
CC-01496,200,True,True,True,0.739,0.593,0
CC-01497,100,True,True,False,0.643,0.633,0
CC-01498,100,False,True,False,0.428,0.888,1
CC-01499,500,True,True,False,0.508,0.84,0
CC-01500,500,True,True,False,0.48,0.416,0
CC-01501,2000,True,True,True,0.323,0.318,0
CC-01502,100,True,True,True,0.682,0.015,0
CC-01503,100,False,True,True,0.419,0.782,0
CC-01504,200,False,True,False,0.659,0.238,0
CC-01505,2000,False,True,True,0.329,0.123,0
CC-01506,100,True,True,True,0.334,0.695,0
CC-01507,200,True,True,True,0.775,0.039,0
CC-01508,100,False,True,False,0.516,0.272,0
CC-01509,500,True,True,True,0.326,0.114,1
CC-01510,100,True,True,True,0.562,0.334,1
CC-01511,2000,True,True,False,0.664,0.199,1
CC-01512,500,True,True,True,0.48,0.915,1
CC-01513,100,True,True,False,0.327,0.698,1
CC-01514,500,True,True,True,0.307,0.855,0
CC-01515,200,True,False,True,0.655,0.879,0
CC-01516,100,True,True,True,0.356,0.808,0
CC-01517,200,True,False,True,0.494,0.598,1
CC-01518,500,True,True,True,0.665,0.905,1
CC-01519,200,True,True,True,0.773,0.851,1
CC-01520,100,True,True,False,0.709,0.35,1
CC-01521,2000,True,False,True,0.787,0.456,0
CC-01522,200,True,True,True,0.739,0.378,0
CC-01523,2000,True,True,True,0.514,0.077,1
CC-01524,200,True,True,True,0.58,0.054,1
CC-01525,100,True,True,True,0.547,0.305,0
CC-01526,100,True,False,True,0.663,0.628,1
CC-01527,500,True,True,True,0.426,0.904,1
CC-01528,200,True,False,True,0.507,0.886,0
CC-01529,500,False,True,False,0.532,0.588,1
CC-01530,200,True,True,True,0.733,0.299,1
CC-01531,200,True,True,True,0.656,0.224,0
CC-01532,100,True,True,True,0.58,0.137,1
CC-01533,500,False,False,False,0.621,0.769,1
CC-01534,200,True,True,True,0.615,0.1,1
CC-01535,2000,True,True,False,0.486,0.52,0
CC-01536,500,True,True,True,0.661,0.138,1
CC-01537,100,True,True,False,0.747,0.049,0
CC-01538,500,True,True,True,0.54,0.666,1
CC-01539,2000,False,True,True,0.752,0.725,0
CC-01540,2000,False,False,False,0.412,0.109,1
CC-01541,500,True,True,False,0.515,0.095,0
CC-01542,200,True,True,True,0.77,0.743,0
CC-01543,500,True,True,True,0.568,0.021,1
CC-01544,100,True,False,True,0.729,0.466,1
CC-01545,200,True,False,True,0.775,0.526,0
CC-01546,500,False,True,True,0.402,0.067,0
CC-01547,100,True,True,False,0.358,0.22,0
CC-01548,200,True,True,True,0.522,0.2,1
CC-01549,100,True,True,False,0.721,0.127,1
CC-01550,2000,True,True,True,0.389,0.243,0
CC-01551,100,False,True,False,0.577,0.469,1
CC-01552,100,False,False,True,0.703,0.711,0
CC-01553,2000,False,True,True,0.779,0.946,0
CC-01554,500,True,True,True,0.631,0.673,0
CC-01555,500,True,True,True,0.62,0.103,1
CC-01556,500,True,True,True,0.687,0.443,0
CC-01557,200,True,False,False,0.706,0.471,1
CC-01558,200,True,True,True,0.627,0.462,0
CC-01559,100,True,False,False,0.769,0.74,0
CC-01560,2000,False,True,True,0.372,0.728,1
CC-01561,500,True,False,False,0.472,0.609,1
CC-01562,2000,True,True,True,0.431,0.069,1
CC-01563,100,True,False,True,0.587,0.602,1
CC-01564,200,True,False,True,0.399,0.4,0
CC-01565,2000,False,True,True,0.699,0.997,1
CC-01566,2000,True,True,False,0.316,0.965,1
CC-01567,100,True,True,False,0.461,0.74,0
CC-01568,500,True,True,True,0.481,0.995,1
CC-01569,100,True,True,True,0.677,0.867,1
CC-01570,500,True,True,False,0.318,0.114,1
CC-01571,2000,True,True,True,0.324,0.742,0
CC-01572,500,False,True,False,0.332,0.71,0
CC-01573,200,True,True,True,0.786,0.019,1
CC-01574,200,True,False,True,0.413,0.746,0
CC-01575,200,True,True,False,0.301,0.899,0
CC-01576,200,False,True,True,0.54,0.923,1
CC-01577,100,True,True,True,0.793,0.876,0
CC-01578,100,True,False,True,0.487,0.821,0
CC-01579,2000,False,True,True,0.61,0.85,1
CC-01580,500,True,True,False,0.744,0.487,1
CC-01581,100,True,True,True,0.516,0.545,1
CC-01582,2000,True,True,True,0.523,0.477,0
CC-01583,2000,False,True,True,0.481,0.657,0
CC-01584,200,False,True,True,0.464,0.874,0
CC-01585,200,False,True,True,0.784,0.898,0
CC-01586,500,True,True,True,0.642,0.572,1
CC-01587,200,True,True,True,0.651,0.276,1
CC-01588,200,True,True,True,0.43,0.327,1
CC-01589,2000,True,False,True,0.573,0.548,0
CC-01590,500,True,False,True,0.318,0.227,0
CC-01591,500,True,True,True,0.759,0.905,1
CC-01592,2000,True,True,True,0.717,0.579,0
CC-01593,200,True,False,True,0.704,0.542,0
CC-01594,100,True,True,True,0.364,0.584,0
CC-01595,500,True,True,True,0.458,0.281,0
CC-01596,200,True,True,True,0.564,0.414,0
CC-01597,500,True,True,False,0.388,0.767,0
CC-01598,100,False,False,True,0.458,0.019,0
CC-01599,100,False,True,True,0.661,0.654,1
CC-01600,200,False,True,True,0.606,0.477,0
CC-01601,100,True,False,True,0.405,0.37,1
CC-01602,200,False,True,True,0.416,0.402,1
CC-01603,200,True,True,True,0.421,0.896,0
CC-01604,500,True,True,False,0.734,0.982,0
CC-01605,500,True,True,True,0.375,0.737,0
CC-01606,2000,False,False,False,0.679,0.141,1
CC-01607,100,True,False,True,0.633,0.293,0
CC-01608,100,True,True,False,0.517,0.851,1
CC-01609,100,True,True,True,0.521,0.632,0
CC-01610,2000,True,False,True,0.673,0.669,0
CC-01611,200,True,True,True,0.655,0.77,1
CC-01612,500,False,True,False,0.608,0.02,1
CC-01613,500,True,True,True,0.448,0.903,0
CC-01614,500,True,True,True,0.518,0.663,1
CC-01615,2000,True,True,True,0.532,0.998,1
CC-01616,500,True,False,True,0.58,0.771,0
CC-01617,100,True,True,True,0.789,0.519,0
CC-01618,2000,True,True,True,0.468,0.982,0
CC-01619,200,False,False,True,0.601,0.777,0
CC-01620,100,True,False,False,0.61,0.641,0
CC-01621,100,False,False,True,0.595,0.698,1
CC-01622,2000,False,True,True,0.422,0.663,0
CC-01623,500,False,True,False,0.55,0.553,0
CC-01624,200,True,False,True,0.579,0.762,0
CC-01625,100,True,False,True,0.533,0.986,0
CC-01626,500,False,True,True,0.664,0.572,1
CC-01627,100,True,True,True,0.716,0.763,0
CC-01628,500,True,True,False,0.561,0.485,0
CC-01629,2000,True,True,False,0.499,0.218,0
CC-01630,100,False,True,True,0.708,0.809,0
CC-01631,500,True,False,True,0.467,0.642,0
CC-01632,100,True,True,True,0.36,0.269,0
CC-01633,2000,False,False,False,0.406,0.892,0
CC-01634,100,False,True,False,0.386,0.364,0
CC-01635,2000,True,True,True,0.448,0.43,1
CC-01636,200,True,True,False,0.7,0.422,0
CC-01637,500,True,True,True,0.675,0.083,0
CC-01638,100,True,False,True,0.335,0.642,1
CC-01639,500,False,True,True,0.732,0.719,0
CC-01640,100,True,True,True,0.785,0.652,0
CC-01641,100,True,True,True,0.628,0.121,1
CC-01642,200,True,True,True,0.403,0.419,0
CC-01643,2000,False,True,True,0.672,0.973,0
CC-01644,100,True,True,False,0.347,0.602,0
CC-01645,2000,True,True,True,0.642,0.853,1
CC-01646,2000,True,True,True,0.748,0.399,1
CC-01647,500,True,True,False,0.625,0.081,0
CC-01648,500,False,True,False,0.723,0.571,0
CC-01649,100,False,True,False,0.761,0.442,1
CC-01650,100,True,True,True,0.435,0.691,0
CC-01651,2000,True,True,True,0.657,0.71,0
CC-01652,2000,True,True,True,0.394,0.982,0
CC-01653,100,False,False,True,0.643,0.753,0
CC-01654,2000,True,True,True,0.681,0.783,0
CC-01655,100,False,True,True,0.327,0.708,1
CC-01656,200,True,True,True,0.77,0.417,1
CC-01657,2000,True,True,True,0.499,0.578,1
CC-01658,100,True,True,True,0.492,0.905,0
CC-01659,100,True,True,True,0.571,0.101,1
CC-01660,500,False,True,True,0.763,0.459,0
CC-01661,100,True,True,True,0.532,0.555,0
CC-01662,2000,True,False,True,0.461,0.613,1
CC-01663,2000,True,True,True,0.768,0.815,0
CC-01664,100,True,False,False,0.51,0.031,1
CC-01665,2000,True,False,True,0.634,0.287,0
CC-01666,2000,True,True,False,0.722,0.222,0
CC-01667,200,True,False,False,0.413,0.485,0
CC-01668,200,True,True,True,0.549,0.701,0
CC-01669,2000,True,False,True,0.738,0.48,0
CC-01670,100,True,True,True,0.359,0.099,0
CC-01671,500,True,False,True,0.326,0.626,1
CC-01672,200,False,True,True,0.32,0.01,0
CC-01673,200,True,True,True,0.525,0.586,0
CC-01674,100,True,True,False,0.479,0.678,0
CC-01675,500,True,True,True,0.301,0.15,0
CC-01676,200,True,True,True,0.701,0.825,0
CC-01677,200,True,True,True,0.782,0.542,0
CC-01678,500,True,True,True,0.657,0.477,0
CC-01679,500,False,True,True,0.434,0.652,1
CC-01680,100,False,True,True,0.671,0.04,0
CC-01681,200,False,True,True,0.438,0.355,0
CC-01682,200,True,False,True,0.691,0.781,0
CC-01683,200,True,True,True,0.339,0.481,0
CC-01684,2000,False,True,True,0.777,0.779,0
CC-01685,500,True,True,False,0.734,0.264,0
CC-01686,200,True,True,True,0.794,0.886,1
CC-01687,2000,True,True,True,0.348,0.709,0
CC-01688,2000,True,True,True,0.56,0.621,1
CC-01689,200,True,False,True,0.445,0.547,0
CC-01690,2000,True,True,True,0.748,0.83,0
CC-01691,100,False,True,True,0.467,0.783,0
CC-01692,500,True,True,True,0.455,0.726,1
CC-01693,2000,True,True,False,0.701,0.337,0
CC-01694,200,False,False,True,0.414,0.749,1
CC-01695,100,True,True,True,0.771,0.751,1
CC-01696,200,False,False,True,0.756,0.052,0
CC-01697,100,True,False,False,0.355,0.999,1
CC-01698,500,False,True,False,0.721,0.7,1
CC-01699,500,True,False,True,0.602,0.289,1
CC-01700,500,True,True,True,0.385,0.164,0
CC-01701,500,True,True,True,0.305,0.141,0
CC-01702,100,True,True,False,0.434,0.259,0
CC-01703,200,True,True,True,0.437,0.021,0
CC-01704,2000,False,True,True,0.517,0.493,0
CC-01705,500,True,True,True,0.358,0.36,1
CC-01706,100,True,False,True,0.703,0.837,1
CC-01707,2000,True,False,True,0.494,0.824,0
CC-01708,500,True,True,False,0.589,0.077,1
CC-01709,2000,True,True,True,0.681,0.315,0
CC-01710,500,True,True,True,0.591,0.892,0
CC-01711,200,True,True,True,0.775,0.919,1
CC-01712,200,True,True,True,0.44,0.927,0
CC-01713,200,False,True,True,0.765,0.541,1
CC-01714,500,True,True,True,0.607,0.878,0
CC-01715,100,True,True,True,0.739,0.434,0
CC-01716,500,True,True,False,0.652,0.569,1
CC-01717,500,True,False,True,0.392,0.376,1
CC-01718,200,True,False,True,0.465,0.022,1
CC-01719,200,True,True,True,0.47,0.52,1
CC-01720,500,True,True,True,0.38,0.051,0
CC-01721,2000,False,True,True,0.31,0.263,1
CC-01722,200,True,True,False,0.764,0.426,0
CC-01723,2000,False,False,True,0.789,0.698,0
CC-01724,500,True,False,True,0.79,0.509,0
CC-01725,100,True,True,True,0.596,0.86,0
CC-01726,200,True,False,False,0.415,0.972,0
CC-01727,100,False,True,True,0.666,0.584,0
CC-01728,2000,False,True,True,0.438,0.226,1
CC-01729,200,True,True,True,0.534,0.513,0
CC-01730,200,True,True,False,0.467,0.211,0
CC-01731,2000,True,True,True,0.348,0.375,0
CC-01732,200,True,True,False,0.449,0.678,1
CC-01733,200,True,True,False,0.346,0.991,1
CC-01734,100,True,False,True,0.768,0.01,1
CC-01735,200,False,False,True,0.612,0.416,0
CC-01736,200,False,True,True,0.337,0.815,0
CC-01737,100,False,True,True,0.426,0.585,0
CC-01738,100,True,True,True,0.54,0.08,1
CC-01739,500,True,True,False,0.441,0.424,1
CC-01740,500,False,True,False,0.71,0.667,0
CC-01741,500,True,True,True,0.56,0.43,1
CC-01742,200,True,True,True,0.63,0.226,0
CC-01743,2000,True,True,False,0.331,0.574,0
CC-01744,2000,False,True,False,0.617,0.986,0
CC-01745,200,True,True,True,0.303,0.659,0
CC-01746,100,False,False,True,0.477,0.205,0
CC-01747,2000,False,True,False,0.769,0.898,0
CC-01748,500,True,True,True,0.646,0.898,1
CC-01749,200,True,True,True,0.45,0.711,1
CC-01750,500,True,True,True,0.583,0.875,1
CC-01751,500,False,True,True,0.596,0.052,0
CC-01752,100,True,False,False,0.466,0.148,0
CC-01753,500,False,True,True,0.482,0.128,0
CC-01754,100,True,True,True,0.535,0.737,1
CC-01755,100,True,True,True,0.382,0.373,0
CC-01756,100,False,True,True,0.34,0.348,0
CC-01757,2000,True,True,True,0.693,0.334,0
CC-01758,2000,False,True,True,0.316,0.973,1
CC-01759,500,True,True,True,0.655,0.278,0
CC-01760,500,True,True,True,0.732,0.675,1
CC-01761,500,True,True,True,0.69,0.892,0
CC-01762,100,False,True,True,0.303,0.651,0
CC-01763,200,True,True,True,0.54,0.132,0
CC-01764,2000,True,True,True,0.358,0.7,1
CC-01765,100,True,False,True,0.43,0.637,0
CC-01766,500,True,True,True,0.605,0.394,1
CC-01767,200,True,False,True,0.671,0.815,0
CC-01768,2000,True,True,True,0.47,0.7,0
CC-01769,100,True,True,False,0.579,0.258,1
CC-01770,100,True,True,True,0.492,0.295,0
CC-01771,500,True,False,True,0.647,0.819,1
CC-01772,500,True,True,False,0.603,0.381,1
CC-01773,2000,True,True,True,0.443,0.956,0
CC-01774,200,True,True,True,0.641,0.059,0
CC-01775,2000,True,False,True,0.33,0.09,1
CC-01776,100,True,True,False,0.751,0.027,0
CC-01777,100,True,True,False,0.573,0.84,0
CC-01778,100,True,True,True,0.591,0.223,0
CC-01779,200,True,True,True,0.754,0.255,0
CC-01780,100,True,True,True,0.691,0.723,0
CC-01781,200,True,True,True,0.616,0.8,1
CC-01782,200,True,True,False,0.569,0.763,0
CC-01783,100,True,False,True,0.379,0.747,0
CC-01784,100,True,False,True,0.777,0.169,0
CC-01785,500,True,True,False,0.634,0.101,0
CC-01786,100,True,False,True,0.422,0.203,0
CC-01787,500,True,True,True,0.635,0.568,0
CC-01788,200,True,True,False,0.315,0.885,0
CC-01789,500,False,True,True,0.688,0.018,1
CC-01790,2000,True,True,True,0.45,0.431,1
CC-01791,200,True,True,True,0.464,0.091,0
CC-01792,100,True,True,True,0.764,0.382,1
CC-01793,500,False,True,False,0.317,0.38,0
CC-01794,100,False,True,True,0.585,0.821,0
CC-01795,100,False,True,True,0.769,0.531,0
CC-01796,100,True,True,True,0.308,0.635,0
CC-01797,100,False,True,True,0.577,0.052,0
CC-01798,2000,False,True,False,0.453,0.01,0
CC-01799,500,True,True,True,0.678,0.708,0
CC-01800,2000,False,True,True,0.416,0.246,1
CC-01801,200,True,True,True,0.582,0.243,1
CC-01802,200,True,True,True,0.744,0.706,0
CC-01803,100,False,True,False,0.792,0.975,1
CC-01804,100,False,True,True,0.709,0.4,0
CC-01805,2000,True,True,True,0.767,0.958,0
CC-01806,500,True,False,True,0.682,0.098,0
CC-01807,100,True,True,True,0.577,0.001,1
CC-01808,200,True,True,True,0.395,0.614,0
CC-01809,500,True,True,True,0.373,0.284,0
CC-01810,200,True,True,True,0.497,0.76,0
CC-01811,200,True,True,False,0.353,0.197,0
CC-01812,200,True,True,False,0.458,0.053,0
CC-01813,500,True,True,True,0.597,0.761,1
CC-01814,100,True,False,False,0.407,0.38,0
CC-01815,200,True,True,True,0.492,0.775,0
CC-01816,200,True,False,True,0.762,0.801,1
CC-01817,100,True,True,False,0.356,0.965,0
CC-01818,100,True,False,True,0.375,0.373,0
CC-01819,200,True,False,True,0.682,0.087,1
CC-01820,200,True,True,True,0.506,0.336,0
CC-01821,200,False,True,True,0.797,0.487,1
CC-01822,200,True,True,True,0.726,0.88,0
CC-01823,100,False,True,True,0.632,0.618,0
CC-01824,2000,False,True,True,0.705,0.902,0
CC-01825,2000,True,True,False,0.411,0.107,0
CC-01826,2000,True,True,False,0.639,0.694,0
CC-01827,200,True,False,False,0.781,0.58,0
CC-01828,100,False,True,True,0.306,0.625,0
CC-01829,200,True,False,False,0.328,0.385,1
CC-01830,2000,True,True,False,0.788,0.412,1
CC-01831,100,False,True,True,0.719,0.046,0
CC-01832,500,False,True,False,0.307,0.204,0
CC-01833,2000,False,True,True,0.465,0.588,1
CC-01834,100,True,True,True,0.676,0.087,0
CC-01835,2000,False,True,True,0.764,0.334,0
CC-01836,200,False,True,True,0.651,0.752,0
CC-01837,500,True,False,True,0.483,0.517,1
CC-01838,100,True,True,True,0.788,0.182,1
CC-01839,2000,False,True,True,0.302,0.753,1
CC-01840,2000,False,True,False,0.56,0.64,1
CC-01841,2000,True,True,True,0.315,0.182,0
CC-01842,200,True,True,False,0.462,0.743,0
CC-01843,2000,True,True,True,0.713,0.025,1
CC-01844,200,True,True,True,0.481,0.768,1
CC-01845,500,True,True,True,0.779,0.1,1
CC-01846,2000,False,True,True,0.553,0.642,1
CC-01847,100,True,False,True,0.364,0.033,0
CC-01848,100,False,True,True,0.326,0.334,0
CC-01849,500,True,False,True,0.401,0.103,1
CC-01850,2000,True,False,False,0.623,0.013,0
CC-01851,200,True,False,True,0.532,0.475,1
CC-01852,100,True,False,True,0.382,0.039,0
CC-01853,500,True,True,True,0.412,0.301,1
CC-01854,2000,True,False,True,0.359,0.061,0
CC-01855,2000,False,True,True,0.343,0.002,1
CC-01856,2000,True,True,True,0.733,0.826,0
CC-01857,200,False,False,True,0.604,0.172,0
CC-01858,2000,True,False,True,0.405,0.104,0
CC-01859,500,True,True,True,0.71,0.812,1
CC-01860,200,False,False,True,0.585,0.04,0
CC-01861,2000,True,True,True,0.325,0.371,1
CC-01862,500,False,False,False,0.488,0.096,0
CC-01863,200,True,False,True,0.482,0.767,0
CC-01864,100,True,True,False,0.617,0.735,0
CC-01865,500,True,True,True,0.516,0.449,0
CC-01866,100,False,True,False,0.53,0.12,0
CC-01867,200,True,False,False,0.744,0.413,0
CC-01868,2000,True,False,True,0.533,0.164,1
CC-01869,200,True,False,True,0.356,0.289,0
CC-01870,200,True,False,True,0.479,0.374,1
CC-01871,2000,True,True,True,0.663,0.466,0
CC-01872,500,False,True,False,0.379,0.11,1
CC-01873,500,True,False,False,0.594,0.801,0
CC-01874,100,True,False,True,0.566,0.792,0
CC-01875,2000,True,True,False,0.366,0.707,0
CC-01876,100,True,True,True,0.361,0.488,0
CC-01877,500,True,False,True,0.545,0.063,1
CC-01878,500,True,True,True,0.344,0.772,0
CC-01879,500,False,True,False,0.634,0.041,0
CC-01880,2000,False,True,False,0.343,0.247,0
CC-01881,500,True,False,False,0.499,0.135,0
CC-01882,2000,True,True,True,0.511,0.392,0
CC-01883,500,True,True,False,0.784,0.458,0
CC-01884,200,False,True,True,0.501,0.67,0
CC-01885,100,False,True,True,0.367,0.632,1
CC-01886,2000,True,False,True,0.557,0.07,1
CC-01887,2000,True,False,True,0.535,0.749,0
CC-01888,500,True,True,False,0.656,0.009,0
CC-01889,500,True,True,False,0.373,0.611,1
CC-01890,2000,False,True,False,0.487,0.442,0
CC-01891,500,False,False,True,0.615,0.982,1
CC-01892,2000,True,False,True,0.758,0.365,1
CC-01893,200,True,True,False,0.342,0.062,0
CC-01894,200,True,True,True,0.749,0.598,1
CC-01895,500,True,True,True,0.348,0.004,0
CC-01896,200,True,True,True,0.433,0.434,0
CC-01897,200,True,False,True,0.727,0.986,0
CC-01898,200,True,False,True,0.36,0.591,0
CC-01899,2000,True,True,True,0.468,0.229,0
CC-01900,100,True,True,True,0.397,0.719,0
CC-01901,500,True,False,True,0.546,0.109,1
CC-01902,2000,True,True,False,0.431,0.811,0
CC-01903,2000,True,True,True,0.417,0.285,1
CC-01904,200,True,True,True,0.712,0.502,1
CC-01905,100,True,True,True,0.507,0.065,0
CC-01906,100,False,True,False,0.336,0.578,0
CC-01907,100,True,True,True,0.376,0.738,0
CC-01908,2000,False,True,True,0.4,0.908,1
CC-01909,2000,True,True,True,0.613,0.665,0
CC-01910,2000,True,True,False,0.501,0.134,0
CC-01911,500,True,False,False,0.777,0.291,0
CC-01912,100,True,True,True,0.591,0.572,0
CC-01913,100,True,False,False,0.595,0.869,1
CC-01914,200,True,True,True,0.317,0.724,0
CC-01915,100,True,True,True,0.43,0.377,0
CC-01916,100,True,True,True,0.392,0.8,0
CC-01917,500,True,True,True,0.484,0.139,1
CC-01918,200,True,True,False,0.328,0.365,1
CC-01919,200,True,True,False,0.621,0.996,1
CC-01920,2000,True,True,True,0.643,0.714,0
CC-01921,100,True,True,True,0.767,0.135,0
CC-01922,200,True,True,True,0.714,0.645,0
CC-01923,200,True,False,True,0.565,0.026,1
CC-01924,2000,True,True,True,0.508,0.653,0
CC-01925,2000,True,True,True,0.583,0.11,0
CC-01926,500,True,False,True,0.671,0.648,1
CC-01927,100,False,True,True,0.779,0.224,0
CC-01928,100,False,True,True,0.407,0.445,0
CC-01929,200,True,True,True,0.628,0.186,0
CC-01930,100,True,True,True,0.65,0.473,1
CC-01931,200,True,True,True,0.641,0.271,0
CC-01932,100,True,False,True,0.304,0.382,0
CC-01933,200,True,True,False,0.672,0.316,1
CC-01934,2000,True,True,True,0.757,0.62,1
CC-01935,100,True,True,False,0.361,0.649,0
CC-01936,500,False,False,True,0.444,0.387,0
CC-01937,200,True,False,True,0.679,0.308,0
CC-01938,200,True,True,True,0.669,0.487,0
CC-01939,100,True,True,True,0.339,0.368,1
CC-01940,100,True,True,True,0.622,0.491,0
CC-01941,200,False,False,True,0.694,0.454,0
CC-01942,2000,True,True,True,0.302,0.699,1
CC-01943,2000,True,False,True,0.751,0.651,0
CC-01944,200,True,False,False,0.612,0.704,0
CC-01945,200,True,True,False,0.432,0.955,1
CC-01946,200,True,True,True,0.737,0.526,0
CC-01947,2000,True,True,True,0.712,0.106,1
CC-01948,500,True,True,True,0.376,0.296,0
CC-01949,2000,False,True,True,0.758,0.484,0
CC-01950,500,True,True,True,0.759,0.386,1
CC-01951,2000,True,True,True,0.718,0.041,0
CC-01952,2000,False,False,True,0.541,0.568,1
CC-01953,200,False,False,True,0.473,0.391,0
CC-01954,200,True,False,True,0.355,0.8,0
CC-01955,2000,True,True,True,0.603,0.801,1
CC-01956,200,True,True,True,0.626,0.99,0
CC-01957,200,False,False,True,0.721,0.367,1
CC-01958,2000,True,True,True,0.333,0.117,1
CC-01959,500,True,True,False,0.663,0.568,1
CC-01960,200,True,True,False,0.569,0.056,0
CC-01961,200,True,True,True,0.795,0.269,0
CC-01962,500,True,True,False,0.471,0.966,0
CC-01963,500,True,True,True,0.63,0.386,0
CC-01964,100,False,True,True,0.582,0.277,0
CC-01965,2000,True,True,False,0.675,0.072,1
CC-01966,2000,True,True,False,0.583,0.832,1
CC-01967,100,True,True,True,0.469,0.615,0
CC-01968,2000,False,True,True,0.697,0.901,1
CC-01969,500,False,True,False,0.415,0.816,0
CC-01970,2000,True,False,True,0.407,0.662,0
CC-01971,2000,True,True,True,0.416,0.311,0
CC-01972,500,True,False,True,0.486,0.796,0
CC-01973,2000,True,False,False,0.605,0.092,1
CC-01974,2000,False,True,True,0.746,0.042,0
CC-01975,200,False,True,True,0.665,0.358,0
CC-01976,100,True,True,True,0.756,0.94,0
CC-01977,200,False,True,True,0.382,0.876,0
CC-01978,200,False,True,True,0.784,0.639,0
CC-01979,200,False,True,True,0.563,0.44,0
CC-01980,200,True,True,True,0.701,0.04,0
CC-01981,2000,False,True,False,0.778,0.487,0
CC-01982,100,True,False,True,0.551,0.676,1
CC-01983,100,True,True,True,0.465,0.655,1
CC-01984,200,False,True,False,0.418,0.938,0
CC-01985,2000,True,False,False,0.4,0.804,0
CC-01986,500,True,True,True,0.529,0.806,0
CC-01987,2000,False,True,True,0.6,0.797,1
CC-01988,200,True,True,True,0.362,0.476,1
CC-01989,500,True,True,True,0.693,0.538,1
CC-01990,200,True,False,True,0.588,0.902,0
CC-01991,500,True,False,True,0.764,0.5,0
CC-01992,2000,True,True,True,0.571,0.671,0
CC-01993,2000,False,True,True,0.619,0.648,1
CC-01994,200,True,True,True,0.408,0.179,0
CC-01995,200,True,True,True,0.47,0.291,0
CC-01996,2000,True,True,True,0.514,0.902,0
CC-01997,500,True,False,True,0.6,0.046,1
CC-01998,200,True,True,True,0.524,0.533,0
CC-01999,2000,False,True,True,0.607,0.079,0
